support,itemsets,length
0.09820638623019384,ASSORTED COLOUR BIRD ORNAMENT,1
0.052682377543633876,HOME BUILDING BLOCK WORD,1
0.042548057588675296,LOVE BUILDING BLOCK WORD,1
0.039330813158529716,DOORMAT NEW ENGLAND,1
0.029357355425078422,FELTCRAFT PRINCESS CHARLOTTE DOLL,1
0.14525858602107294,WHITE HANGING HEART T-LIGHT HOLDER,1
0.06796428858682538,WOODEN PICTURE FRAME WHITE FINISH,1
0.061931955280302424,WOODEN FRAME ANTIQUE WHITE,1
0.03925038204777608,WOOD 2 DRAWER CABINET WHITE FINISH,1
0.028633475428295665,WOOD S/3 CABINET ANT WHITE FINISH,1
0.050189013110271054,RED HANGING HEART T-LIGHT HOLDER,1
0.0390895198262688,HOT WATER BOTTLE TEA AND SYMPATHY,1
0.08960025737955442,LUNCH BAG RED RETROSPOT,1
0.06691868414702808,PACK OF 72 RETROSPOT CAKE CASES,1
0.06321885305236065,JUMBO BAG PINK POLKADOT,1
0.05758867529960589,JUMBO STORAGE BAG SUKI,1
0.04898254644896646,JUMBO  BAG BAROQUE BLACK WHITE,1
0.046569613126357275,60 TEATIME FAIRY CAKE CASES,1
0.046167457572589075,PACK OF 60 PINK PAISLEY CAKE CASES,1
0.04391538647148717,JUMBO BAG PINK VINTAGE PAISLEY,1
0.03756132872194965,PACK OF 60 DINOSAUR CAKE CASES,1
0.03547011984235502,STRAWBERRY CHARLOTTE BAG,1
0.07335317300731924,PAPER CHAIN KIT 50'S CHRISTMAS,1
0.05967988417920052,JUMBO SHOPPER VINTAGE RED PAISLEY,1
0.05364755087267755,RETROSPOT TEA SET CERAMIC 11 PC,1
0.04970642644574921,GIN + TONIC DIET METAL SIGN,1
0.043834955360733535,COOK WITH WINE METAL SIGN,1
0.03305718651974584,PAPER CHAIN KIT RETROSPOT,1
0.02742700876699107,DOORMAT FANCY FONT HOME SWEET HOME,1
0.05437143086946031,ALARM CLOCK BAKELIKE GREEN,1
0.02887476876055658,RECYCLING BAG RETROSPOT,1
0.0735140352288265,NATURAL SLATE HEART CHALKBOARD,1
0.07287058634279739,HEART OF WICKER SMALL,1
0.06201238639105606,HEART OF WICKER LARGE,1
0.044558835357516285,WOOD BLACK BOARD ANT WHITE FINISH,1
0.03675701761441325,COLOUR GLASS T-LIGHT HOLDER HANGING,1
0.033298479852006756,CREAM HEART CARD HOLDER,1
0.03152899541542669,ENAMEL FLOWER JUG CREAM,1
0.05976031528995415,JAM MAKING SET WITH JARS,1
0.05654307085980857,JAM MAKING SET PRINTED,1
0.041341590927370706,LUNCH BAG DOLLY GIRL DESIGN,1
0.11051234617550068,JUMBO BAG RED RETROSPOT,1
0.03587227539612322,HOMEMADE JAM SCENTED CANDLES,1
0.05364755087267755,PAPER CHAIN KIT VINTAGE CHRISTMAS,1
0.0460065953510818,SET/20 RED RETROSPOT PAPER NAPKINS,1
0.038606933161746966,RETROSPOT HEART HOT WATER BOTTLE,1
0.027346577656237433,SMALL POPCORN HOLDER,1
0.032574599855224,WOODEN BOX OF DOMINOES,1
0.02967907986809298,3 STRIPEY MICE FELTCRAFT,1
0.04552400868655996,HAND OVER THE CHOCOLATE   SIGN,1
0.04399581758224081,CLOTHES PEGS RETROSPOT PACK 24,1
0.04359366202847261,HAND WARMER OWL DESIGN,1
0.03659615539290598,HAND WARMER SCOTTY DOG DESIGN,1
0.033620204295021314,HAND WARMER UNION JACK,1
0.026863990991715596,TRAVEL SEWING KIT,1
0.06016247084372235,ALARM CLOCK BAKELIKE RED,1
0.036515724282152336,HAND WARMER BIRD DESIGN,1
0.03386149762728223,ALARM CLOCK BAKELIKE IVORY,1
0.05236065310061932,CHOCOLATE HOT WATER BOTTLE,1
0.04890211533821282,SCOTTIE DOG HOT WATER BOTTLE,1
0.038526502050993325,HOT WATER BOTTLE I AM SO POORLY,1
0.03426365318105043,STRAWBERRY CERAMIC TRINKET BOX,1
0.028392182096034745,WHITE SKULL HOT WATER BOTTLE,1
0.07005549746642001,LUNCH BAG SPACEBOY DESIGN,1
0.06796428858682538,LUNCH BAG PINK POLKADOT,1
0.05396927531569211,LUNCH BAG WOODLAND,1
0.03587227539612322,GUMBALL COAT RACK,1
0.033700635405774955,PHOTO FRAME CORNICE,1
0.031287702083165767,BATHROOM METAL SIGN,1
0.02742700876699107,LADIES & GENTLEMEN METAL SIGN,1
0.07954636853534948,LUNCH BAG  BLACK SKULL.,1
0.07069894635244912,LUNCH BAG CARS BLUE,1
0.03740046650044237,SET OF 3 HEART COOKIE CUTTERS,1
0.0356309820638623,SET OF 3 BUTTERFLY COOKIE CUTTERS,1
0.035228826510094104,72 SWEETHEART FAIRY CAKE CASES,1
0.03426365318105043,PACK OF 72 SKULL CAKE CASES,1
0.026703128770208317,PACK OF 60 SPACEBOY CAKE CASES,1
0.05815169307488136,VICTORIAN GLASS HANGING T-LIGHT,1
0.03925038204777608,DOORMAT RED RETROSPOT,1
0.03514839539934046,DOORMAT HEARTS,1
0.03466580873481863,RED  HARMONICA IN BOX,1
0.034102790959543154,BLUE HARMONICA IN BOX,1
0.02967907986809298,PLASTERS IN TIN SKULLS,1
0.02766830209925199,SET OF 20 KIDS COOKIE CUTTERS,1
0.048178235341430065,JUMBO BAG STRAWBERRY,1
0.030563822086383013,FELTCRAFT CUSHION OWL,1
0.02799002654226655,JUMBO BAG OWLS,1
0.025577093219657364,SET 2 TEA TOWELS I LOVE LONDON,1
0.0659535108179844,REX CASH+CARRY JUMBO SHOPPER,1
0.04930427089198102,6 RIBBONS RUSTIC CHARM,1
0.04037641759832703,SPACEBOY LUNCH BOX,1
0.03748089761119601,DOLLY GIRL LUNCH BOX,1
0.030000804311107538,CHRISTMAS CRAFT LITTLE FRIENDS,1
0.05163677310383656,VINTAGE SNAP CARDS,1
0.035389688731601386,SET OF 20 VINTAGE CHRISTMAS NAPKINS,1
0.03418322207029679,FELTCRAFT 6 FLOWER FRIENDS,1
0.033700635405774955,60 CAKE CASES VINTAGE CHRISTMAS,1
0.03353977318426767,VINTAGE HEADS AND TAILS CARD GAME,1
0.03313761763049948,FELTCRAFT BUTTERFLY HEARTS,1
0.032574599855224,PLASTERS IN TIN VINTAGE PAISLEY,1
0.03233330652296308,PLASTERS IN TIN SPACEBOY,1
0.030081235421861176,PLASTERS IN TIN WOODLAND ANIMALS,1
0.029357355425078422,CHILDRENS APRON SPACEBOY DESIGN,1
0.026703128770208317,FELTCRAFT PRINCESS LOLA DOLL,1
0.038446070940239684,GREY HEART HOT WATER BOTTLE,1
0.0356309820638623,CHILLI LIGHTS,1
0.03587227539612322,ZINC METAL HEART DECORATION,1
0.03394192873803587,WOODEN HEART CHRISTMAS SCANDINAVIAN,1
0.026703128770208317,PACK OF 12 HEARTS DESIGN TISSUES,1
0.10632992841631143,REGENCY CAKESTAND 3 TIER,1
0.028150888763773828,VINTAGE UNION JACK BUNTING,1
0.03587227539612322,JUMBO STORAGE BAG SKULLS,1
0.05533660419850398,SET/5 RED RETROSPOT LID GLASS BOWLS,1
0.04029598648757339,PINK CREAM FELT CRAFT TRINKET BOX,1
0.036113568728384136,PACK OF 20 NAPKINS PANTRY DESIGN,1
0.05324539531890935,ROSES REGENCY TEACUP AND SAUCER,1
0.039652537601544274,IVORY KITCHEN SCALES,1
0.02799002654226655,RED KITCHEN SCALES,1
0.02967907986809298,RED DINER WALL CLOCK,1
0.028311750985281107,IVORY DINER WALL CLOCK,1
0.027909595431512908,DOORMAT SPOTTY HOME SWEET HOME,1
0.036998310946674176,DOORMAT UNION FLAG,1
0.029196493203571143,JUMBO BAG WOODLAND ANIMALS,1
0.033218048741253114,LUNCH BOX I LOVE LONDON,1
0.0295182176465857,HANGING HEART ZINC T-LIGHT HOLDER,1
0.05887557307166412,RECIPE BOX PANTRY YELLOW DESIGN,1
0.030483390975629375,RECIPE BOX RETROSPOT,1
0.051395479771575645,PLEASE ONE PERSON METAL SIGN,1
0.02758787098849835,SWEETHEART CERAMIC TRINKET BOX,1
0.03152899541542669,WOODEN STAR CHRISTMAS SCANDINAVIAN,1
0.0390895198262688,ALARM CLOCK BAKELIKE PINK,1
0.04061771093058795,CHARLOTTE BAG SUKI DESIGN,1
0.026622697659454676,PAINTED METAL PEARS ASSORTED,1
0.028794337649802944,BAKING SET SPACEBOY DESIGN,1
0.028311750985281107,PARTY METAL SIGN,1
0.0295182176465857,WORLD WAR 2 GLIDERS ASSTD DESIGNS,1
0.027105284323976513,WOODEN SCHOOL COLOURING SET,1
0.04890211533821282,GREEN REGENCY TEACUP AND SAUCER,1
0.026300973216440118,RED RETROSPOT CAKE STAND,1
0.028713906539049303,AREA PATROLLED METAL SIGN,1
0.03667658650365962,PAPER BUNTING RETROSPOT,1
0.03241373763371672,JUMBO BAG SPACEBOY DESIGN,1
0.028553044317542024,PINK FAIRY CAKE CHILDRENS APRON,1
0.037722190943456926,GINGERBREAD MAN COOKIE CUTTER,1
0.0333789109627604,PINK BLUE FELT CRAFT TRINKET BOX,1
0.04874125311670554,RED RETROSPOT CHARLOTTE BAG,1
0.033700635405774955,CHARLOTTE BAG PINK POLKADOT,1
0.027507439877744712,PAPER CHAIN KIT EMPIRE,1
0.026863990991715596,RED RETROSPOT SHOPPER BAG,1
0.030644253197136654,WOODLAND CHARLOTTE BAG,1
0.029357355425078422,HOT BATHS METAL SIGN,1
0.02887476876055658,POTTERING IN THE SHED METAL SIGN,1
0.028070457653020187,CHOCOLATE THIS WAY METAL SIGN,1
0.03281589318748492,CREAM SWEETHEART MINI CHEST,1
0.03748089761119601,TRADITIONAL KNITTING NANCY,1
0.09884983511622296,PARTY BUNTING,1
0.02927692431432478,NO SINGING METAL SIGN,1
0.026703128770208317,BEWARE OF THE CAT METAL SIGN,1
0.041261159816617064,HANGING HEART JAR T-LIGHT HOLDER,1
0.026622697659454676,WHITE WOOD GARDEN PLANT LADDER,1
0.026300973216440118,SMALL DOLLY MIX DESIGN ORANGE BOWL,1
0.038928657604761524,PINK REGENCY TEACUP AND SAUCER,1
0.07850076409555216,SET OF 3 CAKE TINS PANTRY DESIGN,1
0.04648918201560363,SET OF 6 SPICE TINS PANTRY DESIGN,1
0.05678436419206949,BAKING SET 9 PIECE RETROSPOT,1
0.06185152416954878,SET OF 4 PANTRY JELLY MOULDS,1
0.03241373763371672,TRAVEL CARD WALLET KEEP CALM,1
0.06691868414702808,LUNCH BAG SUKI DESIGN,1
0.03353977318426767,JUMBO BAG SCANDINAVIAN BLUE PAISLEY,1
0.0386873642725006,ANTIQUE SILVER T-LIGHT GLASS,1
0.05935815973618596,LUNCH BAG APPLE DESIGN,1
0.05437143086946031,JUMBO BAG ALPHABET,1
0.04922383978122738,JUMBO BAG APPLES,1
0.04753478645540095,LUNCH BAG ALPHABET DESIGN,1
0.027185715434730154,CHARLOTTE BAG APPLES DESIGN,1
0.04407624869299445,LUNCH BAG VINTAGE LEAF DESIGN,1
0.0460065953510818,DOORMAT KEEP CALM AND COME IN,1
0.07053808413094184,SPOTTY BUNTING,1
0.032896324298238556,LUNCH BAG DOILEY PATTERN,1
0.033700635405774955,JUMBO BAG PEARS,1
0.03233330652296308,JUMBO BAG DOILEY PATTERNS,1
0.05646263974905493,JUMBO BAG VINTAGE LEAF,1
0.04568487090806724,RABBIT NIGHT LIGHT,1
0.05919729751467868,GARDENERS KNEELING PAD KEEP CALM,1
0.049867288667256496,GARDENERS KNEELING PAD CUP OF TEA,1
0.029357355425078422,SET OF 3 WOODEN HEART DECORATIONS,1
0.03313761763049948,SET OF 60 PANTRY DESIGN CAKE CASES,1
0.043834955360733535,SET OF 3 REGENCY CAKE TINS,1
0.0452022842435454,SMALL WHITE HEART OF WICKER,1
0.04327193758545805,POPCORN HOLDER,1
0.039652537601544274,LARGE WHITE HEART OF WICKER,1
0.029035630982063864,JUMBO BAG VINTAGE CHRISTMAS,1
0.042869782031689854,JUMBO BAG 50'S CHRISTMAS,1
0.026944422102469234,VINTAGE CHRISTMAS BUNTING,1
0.02927692431432478,SET OF 12 FAIRY CAKE BAKING CASES,1
0.04431754202525537,JUMBO BAG VINTAGE DOILY,1
0.03876779538325424,LUNCH BAG VINTAGE DOILY,1
0.03402235984878951,LOVE HOT WATER BOTTLE,1
0.05493444864473578,HOT WATER BOTTLE KEEP CALM,1
0.028713906539049303,HAND WARMER RED LOVE HEART,1
0.020107777688409878,"ASSORTED COLOUR BIRD ORNAMENT, WHITE HANGING HEART T-LIGHT HOLDER",2
0.015684066596959704,"ASSORTED COLOUR BIRD ORNAMENT, REGENCY CAKESTAND 3 TIER",2
0.014477599935655111,"ASSORTED COLOUR BIRD ORNAMENT, PARTY BUNTING",2
0.011260355505509531,"ASSORTED COLOUR BIRD ORNAMENT, HOME BUILDING BLOCK WORD",2
0.016247084372235182,"HOME BUILDING BLOCK WORD, WHITE HANGING HEART T-LIGHT HOLDER",2
0.021072951017453552,"HOME BUILDING BLOCK WORD, LOVE BUILDING BLOCK WORD",2
0.013834151049625995,"LOVE BUILDING BLOCK WORD, WHITE HANGING HEART T-LIGHT HOLDER",2
0.02453148877986005,"WHITE HANGING HEART T-LIGHT HOLDER, WOODEN PICTURE FRAME WHITE FINISH",2
0.010053888844204939,"HEART OF WICKER SMALL, WOODEN PICTURE FRAME WHITE FINISH",2
0.010938631062494973,"PARTY BUNTING, WOODEN PICTURE FRAME WHITE FINISH",2
0.03675701761441325,"WOODEN FRAME ANTIQUE WHITE, WOODEN PICTURE FRAME WHITE FINISH",2
0.020027346577656237,"WHITE HANGING HEART T-LIGHT HOLDER, WOODEN FRAME ANTIQUE WHITE",2
0.014236306603394193,"WHITE HANGING HEART T-LIGHT HOLDER, WOODEN FRAME ANTIQUE WHITE, WOODEN PICTURE FRAME WHITE FINISH",3
0.015844928818466983,"WOOD 2 DRAWER CABINET WHITE FINISH, WOODEN PICTURE FRAME WHITE FINISH",2
0.01471889326791603,"WOOD 2 DRAWER CABINET WHITE FINISH, WOODEN FRAME ANTIQUE WHITE",2
0.013512426606611437,"WHITE HANGING HEART T-LIGHT HOLDER, WOOD 2 DRAWER CABINET WHITE FINISH",2
0.01158207994852409,"WOOD 2 DRAWER CABINET WHITE FINISH, WOODEN FRAME ANTIQUE WHITE, WOODEN PICTURE FRAME WHITE FINISH",3
0.013351564385104158,"WOOD 2 DRAWER CABINET WHITE FINISH, WOOD S/3 CABINET ANT WHITE FINISH",2
0.011742942170031368,"WOOD S/3 CABINET ANT WHITE FINISH, WOODEN PICTURE FRAME WHITE FINISH",2
0.03345934207351404,"RED HANGING HEART T-LIGHT HOLDER, WHITE HANGING HEART T-LIGHT HOLDER",2
0.011260355505509531,"HEART OF WICKER LARGE, RED HANGING HEART T-LIGHT HOLDER",2
0.020188208799163516,"CHOCOLATE HOT WATER BOTTLE, HOT WATER BOTTLE TEA AND SYMPATHY",2
0.01158207994852409,"HOT WATER BOTTLE TEA AND SYMPATHY, SCOTTIE DOG HOT WATER BOTTLE",2
0.01809699991956889,"HOT WATER BOTTLE KEEP CALM, HOT WATER BOTTLE TEA AND SYMPATHY",2
0.011662511059277729,"CHOCOLATE HOT WATER BOTTLE, HOT WATER BOTTLE KEEP CALM, HOT WATER BOTTLE TEA AND SYMPATHY",3
0.017453551033539773,"LUNCH BAG RED RETROSPOT, WHITE HANGING HEART T-LIGHT HOLDER",2
0.02983994208960026,"JUMBO BAG RED RETROSPOT, LUNCH BAG RED RETROSPOT",2
0.012386391056060484,"LUNCH BAG RED RETROSPOT, PARTY BUNTING",2
0.013351564385104158,"LUNCH BAG RED RETROSPOT, PACK OF 72 RETROSPOT CAKE CASES",2
0.012145097723799566,"JUMBO BAG RED RETROSPOT, PACK OF 72 RETROSPOT CAKE CASES",2
0.010858199951741334,"PACK OF 72 RETROSPOT CAKE CASES, WHITE HANGING HEART T-LIGHT HOLDER",2
0.010295182176465857,"PACK OF 72 RETROSPOT CAKE CASES, SET OF 3 CAKE TINS PANTRY DESIGN",2
0.017694844365800693,"JUMBO BAG PINK POLKADOT, LUNCH BAG RED RETROSPOT",2
0.038928657604761524,"JUMBO BAG PINK POLKADOT, JUMBO BAG RED RETROSPOT",2
0.015281911043191506,"JUMBO BAG PINK POLKADOT, LUNCH BAG  BLACK SKULL.",2
0.011099493284002252,"JUMBO BAG PINK POLKADOT, LUNCH BAG SPACEBOY DESIGN",2
0.010777768840987694,"JUMBO BAG PINK POLKADOT, WHITE HANGING HEART T-LIGHT HOLDER",2
0.018499155473337088,"JUMBO BAG PINK POLKADOT, LUNCH BAG PINK POLKADOT",2
0.013753719938872356,"JUMBO BAG PINK POLKADOT, LUNCH BAG CARS BLUE",2
0.012627684388321403,"JUMBO BAG PINK POLKADOT, LUNCH BAG SUKI DESIGN",2
0.013592857717365077,"JUMBO BAG PINK POLKADOT, JUMBO BAG RED RETROSPOT, LUNCH BAG RED RETROSPOT",3
0.011984235502292287,"JUMBO BAG PINK POLKADOT, LUNCH BAG PINK POLKADOT, LUNCH BAG RED RETROSPOT",3
0.010536475508726776,"JUMBO BAG PINK POLKADOT, JUMBO BAG RED RETROSPOT, LUNCH BAG  BLACK SKULL.",3
0.010536475508726776,"JUMBO BAG PINK POLKADOT, LUNCH BAG  BLACK SKULL., LUNCH BAG PINK POLKADOT",3
0.012466822166814124,"JUMBO BAG PINK POLKADOT, JUMBO BAG RED RETROSPOT, LUNCH BAG PINK POLKADOT",3
0.021475106571221748,"JUMBO BAG PINK POLKADOT, JUMBO STORAGE BAG SUKI",2
0.017694844365800693,"JUMBO STORAGE BAG SUKI, LUNCH BAG RED RETROSPOT",2
0.03225287541220944,"JUMBO BAG RED RETROSPOT, JUMBO STORAGE BAG SUKI",2
0.01938389769162712,"JUMBO SHOPPER VINTAGE RED PAISLEY, JUMBO STORAGE BAG SUKI",2
0.014558031046408751,"JUMBO STORAGE BAG SUKI, LUNCH BAG  BLACK SKULL.",2
0.012466822166814124,"JUMBO STORAGE BAG SUKI, LUNCH BAG SPACEBOY DESIGN",2
0.011340786616263171,"JUMBO STORAGE BAG SUKI, WHITE HANGING HEART T-LIGHT HOLDER",2
0.013592857717365077,"JUMBO STORAGE BAG SUKI, LUNCH BAG PINK POLKADOT",2
0.01311027105284324,"JUMBO STORAGE BAG SUKI, LUNCH BAG CARS BLUE",2
0.017292688812032494,"JUMBO STORAGE BAG SUKI, LUNCH BAG SUKI DESIGN",2
0.010134319954958578,"JUMBO STORAGE BAG SUKI, LUNCH BAG APPLE DESIGN",2
0.016649239926003378,"JUMBO BAG PINK POLKADOT, JUMBO BAG RED RETROSPOT, JUMBO STORAGE BAG SUKI",3
0.011903804391538647,"JUMBO BAG RED RETROSPOT, JUMBO STORAGE BAG SUKI, LUNCH BAG RED RETROSPOT",3
0.014397168824901472,"JUMBO BAG RED RETROSPOT, JUMBO SHOPPER VINTAGE RED PAISLEY, JUMBO STORAGE BAG SUKI",3
0.010214751065712218,"JUMBO BAG PINK POLKADOT, JUMBO SHOPPER VINTAGE RED PAISLEY, JUMBO STORAGE BAG SUKI",3
0.010375613287219497,"JUMBO STORAGE BAG SUKI, LUNCH BAG RED RETROSPOT, LUNCH BAG SUKI DESIGN",3
0.019062173248612563,"JUMBO  BAG BAROQUE BLACK WHITE, JUMBO STORAGE BAG SUKI",2
0.018901311027105284,"JUMBO  BAG BAROQUE BLACK WHITE, JUMBO BAG PINK POLKADOT",2
0.012064666613045926,"JUMBO  BAG BAROQUE BLACK WHITE, LUNCH BAG RED RETROSPOT",2
0.026783559880961955,"JUMBO  BAG BAROQUE BLACK WHITE, JUMBO BAG RED RETROSPOT",2
0.018257862141076168,"JUMBO  BAG BAROQUE BLACK WHITE, JUMBO SHOPPER VINTAGE RED PAISLEY",2
0.011019062173248613,"JUMBO  BAG BAROQUE BLACK WHITE, LUNCH BAG  BLACK SKULL.",2
0.011903804391538647,"JUMBO  BAG BAROQUE BLACK WHITE, JUMBO BAG APPLES",2
0.010456044397973136,"JUMBO  BAG BAROQUE BLACK WHITE, JUMBO BAG ALPHABET",2
0.012064666613045926,"JUMBO  BAG BAROQUE BLACK WHITE, JUMBO BAG VINTAGE LEAF",2
0.01311027105284324,"JUMBO  BAG BAROQUE BLACK WHITE, JUMBO BAG RED RETROSPOT, JUMBO STORAGE BAG SUKI",3
0.013512426606611437,"JUMBO  BAG BAROQUE BLACK WHITE, JUMBO BAG PINK POLKADOT, JUMBO BAG RED RETROSPOT",3
0.012547253277567763,"JUMBO  BAG BAROQUE BLACK WHITE, JUMBO BAG RED RETROSPOT, JUMBO SHOPPER VINTAGE RED PAISLEY",3
0.02276200434327998,"60 TEATIME FAIRY CAKE CASES, PACK OF 72 RETROSPOT CAKE CASES",2
0.02276200434327998,"PACK OF 60 PINK PAISLEY CAKE CASES, PACK OF 72 RETROSPOT CAKE CASES",2
0.019866484356148958,"60 TEATIME FAIRY CAKE CASES, PACK OF 60 PINK PAISLEY CAKE CASES",2
0.011903804391538647,"60 TEATIME FAIRY CAKE CASES, PACK OF 60 PINK PAISLEY CAKE CASES, PACK OF 72 RETROSPOT CAKE CASES",3
0.018660017694844367,"JUMBO BAG PINK POLKADOT, JUMBO BAG PINK VINTAGE PAISLEY",2
0.01479932437866967,"JUMBO BAG PINK VINTAGE PAISLEY, JUMBO STORAGE BAG SUKI",2
0.012949408831335961,"JUMBO  BAG BAROQUE BLACK WHITE, JUMBO BAG PINK VINTAGE PAISLEY",2
0.011099493284002252,"JUMBO BAG PINK VINTAGE PAISLEY, LUNCH BAG RED RETROSPOT",2
0.023405453229309096,"JUMBO BAG PINK VINTAGE PAISLEY, JUMBO BAG RED RETROSPOT",2
0.019062173248612563,"JUMBO BAG PINK VINTAGE PAISLEY, JUMBO SHOPPER VINTAGE RED PAISLEY",2
0.014960186600176948,"JUMBO BAG PINK VINTAGE PAISLEY, JUMBO BAG STRAWBERRY",2
0.010777768840987694,"JUMBO BAG ALPHABET, JUMBO BAG PINK VINTAGE PAISLEY",2
0.011742942170031368,"JUMBO BAG PINK VINTAGE PAISLEY, JUMBO BAG VINTAGE LEAF",2
0.013271133274350519,"JUMBO BAG PINK POLKADOT, JUMBO BAG PINK VINTAGE PAISLEY, JUMBO BAG RED RETROSPOT",3
0.010214751065712218,"JUMBO BAG PINK POLKADOT, JUMBO BAG PINK VINTAGE PAISLEY, JUMBO SHOPPER VINTAGE RED PAISLEY",3
0.010616906619480415,"JUMBO BAG PINK VINTAGE PAISLEY, JUMBO BAG RED RETROSPOT, JUMBO STORAGE BAG SUKI",3
0.012305959945306845,"JUMBO BAG PINK VINTAGE PAISLEY, JUMBO BAG RED RETROSPOT, JUMBO SHOPPER VINTAGE RED PAISLEY",3
0.010858199951741334,"JUMBO BAG PINK VINTAGE PAISLEY, JUMBO BAG RED RETROSPOT, JUMBO BAG STRAWBERRY",3
0.01833829325182981,"PACK OF 60 DINOSAUR CAKE CASES, PACK OF 72 RETROSPOT CAKE CASES",2
0.016086222150727903,"60 TEATIME FAIRY CAKE CASES, PACK OF 60 DINOSAUR CAKE CASES",2
0.014477599935655111,"PACK OF 60 DINOSAUR CAKE CASES, PACK OF 60 PINK PAISLEY CAKE CASES",2
0.010214751065712218,"60 TEATIME FAIRY CAKE CASES, PACK OF 60 DINOSAUR CAKE CASES, PACK OF 72 RETROSPOT CAKE CASES",3
0.012627684388321403,"LUNCH BAG RED RETROSPOT, STRAWBERRY CHARLOTTE BAG",2
0.01150164883777045,"JUMBO BAG RED RETROSPOT, STRAWBERRY CHARLOTTE BAG",2
0.010858199951741334,"LUNCH BAG CARS BLUE, STRAWBERRY CHARLOTTE BAG",2
0.021475106571221748,"RED RETROSPOT CHARLOTTE BAG, STRAWBERRY CHARLOTTE BAG",2
0.017051395479771577,"CHARLOTTE BAG SUKI DESIGN, STRAWBERRY CHARLOTTE BAG",2
0.012064666613045926,"LUNCH BAG  BLACK SKULL., STRAWBERRY CHARLOTTE BAG",2
0.010134319954958578,"LUNCH BAG SPACEBOY DESIGN, STRAWBERRY CHARLOTTE BAG",2
0.010214751065712218,"LUNCH BAG PINK POLKADOT, STRAWBERRY CHARLOTTE BAG",2
0.0130298399420896,"CHARLOTTE BAG SUKI DESIGN, RED RETROSPOT CHARLOTTE BAG, STRAWBERRY CHARLOTTE BAG",3
0.02967907986809298,"JUMBO BAG RED RETROSPOT, JUMBO SHOPPER VINTAGE RED PAISLEY",2
0.018257862141076168,"JUMBO BAG PINK POLKADOT, JUMBO SHOPPER VINTAGE RED PAISLEY",2
0.010938631062494973,"JUMBO SHOPPER VINTAGE RED PAISLEY, LUNCH BAG  BLACK SKULL.",2
0.010858199951741334,"JUMBO SHOPPER VINTAGE RED PAISLEY, WHITE HANGING HEART T-LIGHT HOLDER",2
0.014316737714147832,"JUMBO SHOPPER VINTAGE RED PAISLEY, LUNCH BAG RED RETROSPOT",2
0.010214751065712218,"JUMBO SHOPPER VINTAGE RED PAISLEY, LUNCH BAG CARS BLUE",2
0.011662511059277729,"JUMBO SHOPPER VINTAGE RED PAISLEY, LUNCH BAG SUKI DESIGN",2
0.013995013271133274,"JUMBO BAG PINK POLKADOT, JUMBO BAG RED RETROSPOT, JUMBO SHOPPER VINTAGE RED PAISLEY",3
0.010536475508726776,"RETROSPOT TEA SET CERAMIC 11 PC, WHITE HANGING HEART T-LIGHT HOLDER",2
0.015121048821684227,"BAKING SET 9 PIECE RETROSPOT, RETROSPOT TEA SET CERAMIC 11 PC",2
0.01142121772701681,"GIN + TONIC DIET METAL SIGN, WHITE HANGING HEART T-LIGHT HOLDER",2
0.01817743103032253,"GIN + TONIC DIET METAL SIGN, PLEASE ONE PERSON METAL SIGN",2
0.020751226574438994,"COOK WITH WINE METAL SIGN, GIN + TONIC DIET METAL SIGN",2
0.010295182176465857,"COOK WITH WINE METAL SIGN, WHITE HANGING HEART T-LIGHT HOLDER",2
0.0195447599131344,"COOK WITH WINE METAL SIGN, PLEASE ONE PERSON METAL SIGN",2
0.020349071020670795,"COOK WITH WINE METAL SIGN, HAND OVER THE CHOCOLATE   SIGN",2
0.011662511059277729,"COOK WITH WINE METAL SIGN, GIN + TONIC DIET METAL SIGN, PLEASE ONE PERSON METAL SIGN",3
0.011340786616263171,"COOK WITH WINE METAL SIGN, HAND OVER THE CHOCOLATE   SIGN, PLEASE ONE PERSON METAL SIGN",3
0.011823373280785008,"COOK WITH WINE METAL SIGN, GIN + TONIC DIET METAL SIGN, HAND OVER THE CHOCOLATE   SIGN",3
0.03627443094989142,"ALARM CLOCK BAKELIKE GREEN, ALARM CLOCK BAKELIKE RED",2
0.01150164883777045,"JUMBO BAG RED RETROSPOT, RECYCLING BAG RETROSPOT",2
0.02099251990669991,"NATURAL SLATE HEART CHALKBOARD, WHITE HANGING HEART T-LIGHT HOLDER",2
0.010938631062494973,"ASSORTED COLOUR BIRD ORNAMENT, NATURAL SLATE HEART CHALKBOARD",2
0.010053888844204939,"NATURAL SLATE HEART CHALKBOARD, PARTY BUNTING",2
0.012788546609828682,"HEART OF WICKER SMALL, NATURAL SLATE HEART CHALKBOARD",2
0.0199469154669026,"HEART OF WICKER SMALL, WHITE HANGING HEART T-LIGHT HOLDER",2
0.03136813319391941,"HEART OF WICKER LARGE, HEART OF WICKER SMALL",2
0.011260355505509531,"HEART OF WICKER LARGE, NATURAL SLATE HEART CHALKBOARD",2
0.02244027990026542,"HEART OF WICKER LARGE, WHITE HANGING HEART T-LIGHT HOLDER",2
0.01150164883777045,"HEART OF WICKER LARGE, HEART OF WICKER SMALL, WHITE HANGING HEART T-LIGHT HOLDER",3
0.010053888844204939,"WOOD BLACK BOARD ANT WHITE FINISH, WOODEN FRAME ANTIQUE WHITE",2
0.012868977720582321,"WHITE HANGING HEART T-LIGHT HOLDER, WOOD BLACK BOARD ANT WHITE FINISH",2
0.01158207994852409,"WOOD BLACK BOARD ANT WHITE FINISH, WOODEN PICTURE FRAME WHITE FINISH",2
0.0130298399420896,"CREAM HEART CARD HOLDER, WHITE HANGING HEART T-LIGHT HOLDER",2
0.011019062173248613,"JAM MAKING SET WITH JARS, REGENCY CAKESTAND 3 TIER",2
0.01640794659374246,"JAM MAKING SET WITH JARS, SET OF 3 CAKE TINS PANTRY DESIGN",2
0.012868977720582321,"JAM MAKING SET WITH JARS, SET OF 4 PANTRY JELLY MOULDS",2
0.020831657685192632,"JAM MAKING SET PRINTED, JAM MAKING SET WITH JARS",2
0.010375613287219497,"JAM MAKING SET PRINTED, REGENCY CAKESTAND 3 TIER",2
0.011340786616263171,"JAM MAKING SET PRINTED, RECIPE BOX PANTRY YELLOW DESIGN",2
0.013834151049625995,"JAM MAKING SET PRINTED, SET OF 3 CAKE TINS PANTRY DESIGN",2
0.010858199951741334,"JAM MAKING SET PRINTED, SET OF 4 PANTRY JELLY MOULDS",2
0.025014075444381886,"LUNCH BAG DOLLY GIRL DESIGN, LUNCH BAG SPACEBOY DESIGN",2
0.02139467546046811,"LUNCH BAG DOLLY GIRL DESIGN, LUNCH BAG RED RETROSPOT",2
0.017212257701278856,"LUNCH BAG DOLLY GIRL DESIGN, LUNCH BAG PINK POLKADOT",2
0.017131826590525215,"LUNCH BAG DOLLY GIRL DESIGN, LUNCH BAG WOODLAND",2
0.01978605324539532,"LUNCH BAG  BLACK SKULL., LUNCH BAG DOLLY GIRL DESIGN",2
0.01809699991956889,"LUNCH BAG CARS BLUE, LUNCH BAG DOLLY GIRL DESIGN",2
0.018820879916351646,"LUNCH BAG DOLLY GIRL DESIGN, LUNCH BAG SUKI DESIGN",2
0.014477599935655111,"LUNCH BAG APPLE DESIGN, LUNCH BAG DOLLY GIRL DESIGN",2
0.0130298399420896,"LUNCH BAG ALPHABET DESIGN, LUNCH BAG DOLLY GIRL DESIGN",2
0.014879755489423309,"LUNCH BAG DOLLY GIRL DESIGN, LUNCH BAG RED RETROSPOT, LUNCH BAG SPACEBOY DESIGN",3
0.01311027105284324,"LUNCH BAG DOLLY GIRL DESIGN, LUNCH BAG PINK POLKADOT, LUNCH BAG RED RETROSPOT",3
0.012064666613045926,"LUNCH BAG DOLLY GIRL DESIGN, LUNCH BAG PINK POLKADOT, LUNCH BAG SPACEBOY DESIGN",3
0.010295182176465857,"LUNCH BAG CARS BLUE, LUNCH BAG DOLLY GIRL DESIGN, LUNCH BAG PINK POLKADOT",3
0.01142121772701681,"LUNCH BAG  BLACK SKULL., LUNCH BAG DOLLY GIRL DESIGN, LUNCH BAG PINK POLKADOT",3
0.010456044397973136,"LUNCH BAG DOLLY GIRL DESIGN, LUNCH BAG PINK POLKADOT, LUNCH BAG SUKI DESIGN",3
0.012949408831335961,"LUNCH BAG DOLLY GIRL DESIGN, LUNCH BAG SPACEBOY DESIGN, LUNCH BAG WOODLAND",3
0.012225528834553205,"LUNCH BAG DOLLY GIRL DESIGN, LUNCH BAG RED RETROSPOT, LUNCH BAG WOODLAND",3
0.010536475508726776,"LUNCH BAG DOLLY GIRL DESIGN, LUNCH BAG PINK POLKADOT, LUNCH BAG WOODLAND",3
0.011019062173248613,"LUNCH BAG  BLACK SKULL., LUNCH BAG DOLLY GIRL DESIGN, LUNCH BAG WOODLAND",3
0.010214751065712218,"LUNCH BAG DOLLY GIRL DESIGN, LUNCH BAG SUKI DESIGN, LUNCH BAG WOODLAND",3
0.013673288828118716,"LUNCH BAG  BLACK SKULL., LUNCH BAG DOLLY GIRL DESIGN, LUNCH BAG SPACEBOY DESIGN",3
0.012708115499075042,"LUNCH BAG  BLACK SKULL., LUNCH BAG DOLLY GIRL DESIGN, LUNCH BAG RED RETROSPOT",3
0.012547253277567763,"LUNCH BAG CARS BLUE, LUNCH BAG DOLLY GIRL DESIGN, LUNCH BAG SPACEBOY DESIGN",3
0.011662511059277729,"LUNCH BAG CARS BLUE, LUNCH BAG DOLLY GIRL DESIGN, LUNCH BAG RED RETROSPOT",3
0.011179924394755892,"LUNCH BAG  BLACK SKULL., LUNCH BAG CARS BLUE, LUNCH BAG DOLLY GIRL DESIGN",3
0.010616906619480415,"LUNCH BAG CARS BLUE, LUNCH BAG DOLLY GIRL DESIGN, LUNCH BAG SUKI DESIGN",3
0.012547253277567763,"LUNCH BAG DOLLY GIRL DESIGN, LUNCH BAG SPACEBOY DESIGN, LUNCH BAG SUKI DESIGN",3
0.012627684388321403,"LUNCH BAG DOLLY GIRL DESIGN, LUNCH BAG RED RETROSPOT, LUNCH BAG SUKI DESIGN",3
0.012145097723799566,"LUNCH BAG  BLACK SKULL., LUNCH BAG DOLLY GIRL DESIGN, LUNCH BAG SUKI DESIGN",3
0.010214751065712218,"LUNCH BAG APPLE DESIGN, LUNCH BAG DOLLY GIRL DESIGN, LUNCH BAG SUKI DESIGN",3
0.018981742137858925,"JUMBO BAG RED RETROSPOT, WHITE HANGING HEART T-LIGHT HOLDER",2
0.03498753317783319,"PAPER CHAIN KIT 50'S CHRISTMAS, PAPER CHAIN KIT VINTAGE CHRISTMAS",2
0.012466822166814124,"PACK OF 72 RETROSPOT CAKE CASES, SET/20 RED RETROSPOT PAPER NAPKINS",2
0.01640794659374246,"RETROSPOT HEART HOT WATER BOTTLE, SCOTTIE DOG HOT WATER BOTTLE",2
0.013512426606611437,"CHOCOLATE HOT WATER BOTTLE, RETROSPOT HEART HOT WATER BOTTLE",2
0.011903804391538647,"VINTAGE SNAP CARDS, WOODEN BOX OF DOMINOES",2
0.010214751065712218,"3 STRIPEY MICE FELTCRAFT, FELTCRAFT BUTTERFLY HEARTS",2
0.012064666613045926,"HAND OVER THE CHOCOLATE   SIGN, WHITE HANGING HEART T-LIGHT HOLDER",2
0.01809699991956889,"HAND OVER THE CHOCOLATE   SIGN, PLEASE ONE PERSON METAL SIGN",2
0.01962519102388804,"GIN + TONIC DIET METAL SIGN, HAND OVER THE CHOCOLATE   SIGN",2
0.010697337730234055,"CLOTHES PEGS RETROSPOT PACK 24, WHITE HANGING HEART T-LIGHT HOLDER",2
0.010858199951741334,"HAND WARMER OWL DESIGN, PAPER CHAIN KIT 50'S CHRISTMAS",2
0.011019062173248613,"HAND WARMER OWL DESIGN, HOT WATER BOTTLE KEEP CALM",2
0.022198986568004505,"HAND WARMER OWL DESIGN, HAND WARMER SCOTTY DOG DESIGN",2
0.011340786616263171,"HAND WARMER SCOTTY DOG DESIGN, SCOTTIE DOG HOT WATER BOTTLE",2
0.016649239926003378,"HAND WARMER OWL DESIGN, HAND WARMER UNION JACK",2
0.015121048821684227,"HAND WARMER SCOTTY DOG DESIGN, HAND WARMER UNION JACK",2
0.01311027105284324,"HAND WARMER BIRD DESIGN, HAND WARMER UNION JACK",2
0.018981742137858925,"HAND WARMER BIRD DESIGN, HAND WARMER SCOTTY DOG DESIGN",2
0.020751226574438994,"HAND WARMER BIRD DESIGN, HAND WARMER OWL DESIGN",2
0.012949408831335961,"HAND WARMER BIRD DESIGN, HAND WARMER OWL DESIGN, HAND WARMER SCOTTY DOG DESIGN",3
0.02276200434327998,"ALARM CLOCK BAKELIKE IVORY, ALARM CLOCK BAKELIKE RED",2
0.0199469154669026,"ALARM CLOCK BAKELIKE GREEN, ALARM CLOCK BAKELIKE IVORY",2
0.0164883777044961,"ALARM CLOCK BAKELIKE IVORY, ALARM CLOCK BAKELIKE PINK",2
0.015442773264698785,"ALARM CLOCK BAKELIKE GREEN, ALARM CLOCK BAKELIKE IVORY, ALARM CLOCK BAKELIKE RED",3
0.011099493284002252,"ALARM CLOCK BAKELIKE GREEN, ALARM CLOCK BAKELIKE IVORY, ALARM CLOCK BAKELIKE PINK",3
0.012708115499075042,"ALARM CLOCK BAKELIKE IVORY, ALARM CLOCK BAKELIKE PINK, ALARM CLOCK BAKELIKE RED",3
0.01938389769162712,"CHOCOLATE HOT WATER BOTTLE, HOT WATER BOTTLE KEEP CALM",2
0.018499155473337088,"CHOCOLATE HOT WATER BOTTLE, SCOTTIE DOG HOT WATER BOTTLE",2
0.014236306603394193,"HOT WATER BOTTLE KEEP CALM, SCOTTIE DOG HOT WATER BOTTLE",2
0.022118555457250864,"CHOCOLATE HOT WATER BOTTLE, HOT WATER BOTTLE I AM SO POORLY",2
0.01463846215716239,"HOT WATER BOTTLE I AM SO POORLY, HOT WATER BOTTLE TEA AND SYMPATHY",2
0.012627684388321403,"HOT WATER BOTTLE I AM SO POORLY, SCOTTIE DOG HOT WATER BOTTLE",2
0.01479932437866967,"HOT WATER BOTTLE I AM SO POORLY, HOT WATER BOTTLE KEEP CALM",2
0.032896324298238556,"LUNCH BAG RED RETROSPOT, LUNCH BAG SPACEBOY DESIGN",2
0.014397168824901472,"LUNCH BAG SPACEBOY DESIGN, WHITE HANGING HEART T-LIGHT HOLDER",2
0.031287702083165767,"LUNCH BAG  BLACK SKULL., LUNCH BAG SPACEBOY DESIGN",2
0.029116062092817502,"LUNCH BAG CARS BLUE, LUNCH BAG SPACEBOY DESIGN",2
0.015281911043191506,"JUMBO BAG RED RETROSPOT, LUNCH BAG SPACEBOY DESIGN",2
0.019062173248612563,"LUNCH BAG  BLACK SKULL., LUNCH BAG RED RETROSPOT, LUNCH BAG SPACEBOY DESIGN",3
0.017373119922786135,"LUNCH BAG CARS BLUE, LUNCH BAG RED RETROSPOT, LUNCH BAG SPACEBOY DESIGN",3
0.016810102147510657,"LUNCH BAG  BLACK SKULL., LUNCH BAG CARS BLUE, LUNCH BAG SPACEBOY DESIGN",3
0.010214751065712218,"JUMBO BAG RED RETROSPOT, LUNCH BAG RED RETROSPOT, LUNCH BAG SPACEBOY DESIGN",3
0.03788305316496421,"LUNCH BAG PINK POLKADOT, LUNCH BAG RED RETROSPOT",2
0.026863990991715596,"LUNCH BAG PINK POLKADOT, LUNCH BAG SPACEBOY DESIGN",2
0.015362342153945146,"LUNCH BAG PINK POLKADOT, WHITE HANGING HEART T-LIGHT HOLDER",2
0.03555055095310866,"LUNCH BAG  BLACK SKULL., LUNCH BAG PINK POLKADOT",2
0.03185071985844125,"LUNCH BAG CARS BLUE, LUNCH BAG PINK POLKADOT",2
0.020188208799163516,"JUMBO BAG RED RETROSPOT, LUNCH BAG PINK POLKADOT",2
0.018418724362583447,"LUNCH BAG PINK POLKADOT, LUNCH BAG RED RETROSPOT, LUNCH BAG SPACEBOY DESIGN",3
0.017212257701278856,"LUNCH BAG  BLACK SKULL., LUNCH BAG PINK POLKADOT, LUNCH BAG SPACEBOY DESIGN",3
0.01672967103675702,"LUNCH BAG CARS BLUE, LUNCH BAG PINK POLKADOT, LUNCH BAG SPACEBOY DESIGN",3
0.023566315450816375,"LUNCH BAG  BLACK SKULL., LUNCH BAG PINK POLKADOT, LUNCH BAG RED RETROSPOT",3
0.020429502131424436,"LUNCH BAG CARS BLUE, LUNCH BAG PINK POLKADOT, LUNCH BAG RED RETROSPOT",3
0.020107777688409878,"LUNCH BAG  BLACK SKULL., LUNCH BAG CARS BLUE, LUNCH BAG PINK POLKADOT",3
0.013673288828118716,"JUMBO BAG RED RETROSPOT, LUNCH BAG PINK POLKADOT, LUNCH BAG RED RETROSPOT",3
0.010295182176465857,"JUMBO BAG RED RETROSPOT, LUNCH BAG CARS BLUE, LUNCH BAG PINK POLKADOT",3
0.011662511059277729,"JUMBO BAG RED RETROSPOT, LUNCH BAG  BLACK SKULL., LUNCH BAG PINK POLKADOT",3
0.02927692431432478,"LUNCH BAG RED RETROSPOT, LUNCH BAG WOODLAND",2
0.02782916432075927,"LUNCH BAG SPACEBOY DESIGN, LUNCH BAG WOODLAND",2
0.0230032976755409,"LUNCH BAG PINK POLKADOT, LUNCH BAG WOODLAND",2
0.010375613287219497,"LUNCH BAG WOODLAND, WHITE HANGING HEART T-LIGHT HOLDER",2
0.0260596798841792,"LUNCH BAG  BLACK SKULL., LUNCH BAG WOODLAND",2
0.025657524330411,"LUNCH BAG CARS BLUE, LUNCH BAG WOODLAND",2
0.012064666613045926,"JUMBO BAG RED RETROSPOT, LUNCH BAG WOODLAND",2
0.022279417678758143,"LUNCH BAG SUKI DESIGN, LUNCH BAG WOODLAND",2
0.01970562213464168,"LUNCH BAG APPLE DESIGN, LUNCH BAG WOODLAND",2
0.01793613769806161,"LUNCH BAG RED RETROSPOT, LUNCH BAG SPACEBOY DESIGN, LUNCH BAG WOODLAND",3
0.017051395479771577,"LUNCH BAG PINK POLKADOT, LUNCH BAG RED RETROSPOT, LUNCH BAG WOODLAND",3
0.01463846215716239,"LUNCH BAG PINK POLKADOT, LUNCH BAG SPACEBOY DESIGN, LUNCH BAG WOODLAND",3
0.015201479932437867,"LUNCH BAG  BLACK SKULL., LUNCH BAG PINK POLKADOT, LUNCH BAG WOODLAND",3
0.01463846215716239,"LUNCH BAG CARS BLUE, LUNCH BAG PINK POLKADOT, LUNCH BAG WOODLAND",3
0.017212257701278856,"LUNCH BAG  BLACK SKULL., LUNCH BAG RED RETROSPOT, LUNCH BAG WOODLAND",3
0.015523204375452425,"LUNCH BAG  BLACK SKULL., LUNCH BAG SPACEBOY DESIGN, LUNCH BAG WOODLAND",3
0.016649239926003378,"LUNCH BAG CARS BLUE, LUNCH BAG RED RETROSPOT, LUNCH BAG WOODLAND",3
0.015684066596959704,"LUNCH BAG CARS BLUE, LUNCH BAG SPACEBOY DESIGN, LUNCH BAG WOODLAND",3
0.014960186600176948,"LUNCH BAG  BLACK SKULL., LUNCH BAG CARS BLUE, LUNCH BAG WOODLAND",3
0.014236306603394193,"LUNCH BAG  BLACK SKULL., LUNCH BAG SUKI DESIGN, LUNCH BAG WOODLAND",3
0.013431995495857798,"LUNCH BAG CARS BLUE, LUNCH BAG SUKI DESIGN, LUNCH BAG WOODLAND",3
0.012949408831335961,"LUNCH BAG PINK POLKADOT, LUNCH BAG SUKI DESIGN, LUNCH BAG WOODLAND",3
0.015764497707713345,"LUNCH BAG RED RETROSPOT, LUNCH BAG SUKI DESIGN, LUNCH BAG WOODLAND",3
0.01319070216359688,"LUNCH BAG SPACEBOY DESIGN, LUNCH BAG SUKI DESIGN, LUNCH BAG WOODLAND",3
0.0130298399420896,"LUNCH BAG APPLE DESIGN, LUNCH BAG RED RETROSPOT, LUNCH BAG WOODLAND",3
0.012547253277567763,"LUNCH BAG  BLACK SKULL., LUNCH BAG APPLE DESIGN, LUNCH BAG WOODLAND",3
0.012305959945306845,"LUNCH BAG APPLE DESIGN, LUNCH BAG SUKI DESIGN, LUNCH BAG WOODLAND",3
0.011903804391538647,"LUNCH BAG APPLE DESIGN, LUNCH BAG SPACEBOY DESIGN, LUNCH BAG WOODLAND",3
0.011019062173248613,"LUNCH BAG APPLE DESIGN, LUNCH BAG CARS BLUE, LUNCH BAG WOODLAND",3
0.010616906619480415,"LUNCH BAG APPLE DESIGN, LUNCH BAG PINK POLKADOT, LUNCH BAG WOODLAND",3
0.011179924394755892,"PHOTO FRAME CORNICE, WHITE HANGING HEART T-LIGHT HOLDER",2
0.011019062173248613,"PHOTO FRAME CORNICE, WOODEN PICTURE FRAME WHITE FINISH",2
0.013512426606611437,"LADIES & GENTLEMEN METAL SIGN, PLEASE ONE PERSON METAL SIGN",2
0.010053888844204939,"HAND OVER THE CHOCOLATE   SIGN, LADIES & GENTLEMEN METAL SIGN",2
0.010375613287219497,"COOK WITH WINE METAL SIGN, LADIES & GENTLEMEN METAL SIGN",2
0.038928657604761524,"LUNCH BAG  BLACK SKULL., LUNCH BAG RED RETROSPOT",2
0.020751226574438994,"JUMBO BAG RED RETROSPOT, LUNCH BAG  BLACK SKULL.",2
0.014316737714147832,"LUNCH BAG  BLACK SKULL., WHITE HANGING HEART T-LIGHT HOLDER",2
0.013431995495857798,"JUMBO BAG RED RETROSPOT, LUNCH BAG  BLACK SKULL., LUNCH BAG RED RETROSPOT",3
0.03225287541220944,"LUNCH BAG  BLACK SKULL., LUNCH BAG CARS BLUE",2
0.033218048741253114,"LUNCH BAG CARS BLUE, LUNCH BAG RED RETROSPOT",2
0.01463846215716239,"LUNCH BAG CARS BLUE, WHITE HANGING HEART T-LIGHT HOLDER",2
0.018499155473337088,"JUMBO BAG RED RETROSPOT, LUNCH BAG CARS BLUE",2
0.019866484356148958,"LUNCH BAG  BLACK SKULL., LUNCH BAG CARS BLUE, LUNCH BAG RED RETROSPOT",3
0.011823373280785008,"JUMBO BAG RED RETROSPOT, LUNCH BAG CARS BLUE, LUNCH BAG RED RETROSPOT",3
0.010938631062494973,"GINGERBREAD MAN COOKIE CUTTER, SET OF 3 HEART COOKIE CUTTERS",2
0.017614413255047052,"SET OF 3 BUTTERFLY COOKIE CUTTERS, SET OF 3 HEART COOKIE CUTTERS",2
0.010616906619480415,"GINGERBREAD MAN COOKIE CUTTER, SET OF 3 BUTTERFLY COOKIE CUTTERS",2
0.015362342153945146,"72 SWEETHEART FAIRY CAKE CASES, PACK OF 72 RETROSPOT CAKE CASES",2
0.013753719938872356,"72 SWEETHEART FAIRY CAKE CASES, PACK OF 60 DINOSAUR CAKE CASES",2
0.0130298399420896,"72 SWEETHEART FAIRY CAKE CASES, PACK OF 60 PINK PAISLEY CAKE CASES",2
0.015362342153945146,"60 TEATIME FAIRY CAKE CASES, 72 SWEETHEART FAIRY CAKE CASES",2
0.0164883777044961,"PACK OF 72 RETROSPOT CAKE CASES, PACK OF 72 SKULL CAKE CASES",2
0.013592857717365077,"PACK OF 60 DINOSAUR CAKE CASES, PACK OF 72 SKULL CAKE CASES",2
0.012225528834553205,"60 TEATIME FAIRY CAKE CASES, PACK OF 72 SKULL CAKE CASES",2
0.010295182176465857,"PACK OF 60 PINK PAISLEY CAKE CASES, PACK OF 72 SKULL CAKE CASES",2
0.013351564385104158,"PACK OF 60 SPACEBOY CAKE CASES, PACK OF 72 RETROSPOT CAKE CASES",2
0.012949408831335961,"PACK OF 60 DINOSAUR CAKE CASES, PACK OF 60 SPACEBOY CAKE CASES",2
0.010938631062494973,"PACK OF 60 SPACEBOY CAKE CASES, PACK OF 72 SKULL CAKE CASES",2
0.011662511059277729,"60 TEATIME FAIRY CAKE CASES, PACK OF 60 SPACEBOY CAKE CASES",2
0.010616906619480415,"PACK OF 60 PINK PAISLEY CAKE CASES, PACK OF 60 SPACEBOY CAKE CASES",2
0.012064666613045926,"ASSORTED COLOUR BIRD ORNAMENT, VICTORIAN GLASS HANGING T-LIGHT",2
0.013351564385104158,"VICTORIAN GLASS HANGING T-LIGHT, WHITE HANGING HEART T-LIGHT HOLDER",2
0.010053888844204939,"DOORMAT HEARTS, DOORMAT RED RETROSPOT",2
0.01801656880881525,"BLUE HARMONICA IN BOX, RED  HARMONICA IN BOX",2
0.01142121772701681,"PLASTERS IN TIN SKULLS, PLASTERS IN TIN SPACEBOY",2
0.010536475508726776,"PLASTERS IN TIN SKULLS, PLASTERS IN TIN VINTAGE PAISLEY",2
0.01150164883777045,"PLASTERS IN TIN SKULLS, PLASTERS IN TIN WOODLAND ANIMALS",2
0.0295182176465857,"JUMBO BAG RED RETROSPOT, JUMBO BAG STRAWBERRY",2
0.016970964369017936,"JUMBO BAG STRAWBERRY, JUMBO STORAGE BAG SUKI",2
0.02131424434971447,"JUMBO BAG PINK POLKADOT, JUMBO BAG STRAWBERRY",2
0.015362342153945146,"JUMBO  BAG BAROQUE BLACK WHITE, JUMBO BAG STRAWBERRY",2
0.01319070216359688,"JUMBO BAG STRAWBERRY, JUMBO SHOPPER VINTAGE RED PAISLEY",2
0.011260355505509531,"JUMBO BAG STRAWBERRY, LUNCH BAG  BLACK SKULL.",2
0.012386391056060484,"JUMBO BAG STRAWBERRY, LUNCH BAG RED RETROSPOT",2
0.010938631062494973,"JUMBO BAG STRAWBERRY, LUNCH BAG PINK POLKADOT",2
0.011099493284002252,"JUMBO BAG ALPHABET, JUMBO BAG STRAWBERRY",2
0.01142121772701681,"JUMBO BAG APPLES, JUMBO BAG STRAWBERRY",2
0.011903804391538647,"JUMBO BAG STRAWBERRY, JUMBO BAG VINTAGE LEAF",2
0.01311027105284324,"JUMBO BAG RED RETROSPOT, JUMBO BAG STRAWBERRY, JUMBO STORAGE BAG SUKI",3
0.010214751065712218,"JUMBO BAG PINK POLKADOT, JUMBO BAG STRAWBERRY, JUMBO STORAGE BAG SUKI",3
0.01640794659374246,"JUMBO BAG PINK POLKADOT, JUMBO BAG RED RETROSPOT, JUMBO BAG STRAWBERRY",3
0.011099493284002252,"JUMBO  BAG BAROQUE BLACK WHITE, JUMBO BAG RED RETROSPOT, JUMBO BAG STRAWBERRY",3
0.013512426606611437,"JUMBO BAG OWLS, JUMBO BAG RED RETROSPOT",2
0.012064666613045926,"JUMBO BAG OWLS, JUMBO STORAGE BAG SUKI",2
0.010375613287219497,"JUMBO BAG OWLS, JUMBO BAG PINK POLKADOT",2
0.01311027105284324,"REX CASH+CARRY JUMBO SHOPPER, WHITE HANGING HEART T-LIGHT HOLDER",2
0.010456044397973136,"6 RIBBONS RUSTIC CHARM, WHITE HANGING HEART T-LIGHT HOLDER",2
0.01150164883777045,"LUNCH BAG SPACEBOY DESIGN, SPACEBOY LUNCH BOX",2
0.025174937665889165,"DOLLY GIRL LUNCH BOX, SPACEBOY LUNCH BOX",2
0.010938631062494973,"CHRISTMAS CRAFT LITTLE FRIENDS, PAPER CHAIN KIT 50'S CHRISTMAS",2
0.0130298399420896,"PAPER CHAIN KIT 50'S CHRISTMAS, SET OF 20 VINTAGE CHRISTMAS NAPKINS",2
0.012788546609828682,"PAPER CHAIN KIT VINTAGE CHRISTMAS, SET OF 20 VINTAGE CHRISTMAS NAPKINS",2
0.013592857717365077,"60 CAKE CASES VINTAGE CHRISTMAS, SET OF 20 VINTAGE CHRISTMAS NAPKINS",2
0.01319070216359688,"60 CAKE CASES VINTAGE CHRISTMAS, PAPER CHAIN KIT VINTAGE CHRISTMAS",2
0.012305959945306845,"60 CAKE CASES VINTAGE CHRISTMAS, PAPER CHAIN KIT 50'S CHRISTMAS",2
0.019223035470119842,"VINTAGE HEADS AND TAILS CARD GAME, VINTAGE SNAP CARDS",2
0.01142121772701681,"FELTCRAFT 6 FLOWER FRIENDS, FELTCRAFT BUTTERFLY HEARTS",2
0.011742942170031368,"PLASTERS IN TIN SPACEBOY, PLASTERS IN TIN VINTAGE PAISLEY",2
0.014236306603394193,"PLASTERS IN TIN SPACEBOY, PLASTERS IN TIN WOODLAND ANIMALS",2
0.012708115499075042,"PLASTERS IN TIN VINTAGE PAISLEY, PLASTERS IN TIN WOODLAND ANIMALS",2
0.017212257701278856,"FELTCRAFT PRINCESS CHARLOTTE DOLL, FELTCRAFT PRINCESS LOLA DOLL",2
0.011903804391538647,"GREY HEART HOT WATER BOTTLE, SCOTTIE DOG HOT WATER BOTTLE",2
0.013673288828118716,"WHITE HANGING HEART T-LIGHT HOLDER, ZINC METAL HEART DECORATION",2
0.017614413255047052,"REGENCY CAKESTAND 3 TIER, WHITE HANGING HEART T-LIGHT HOLDER",2
0.010536475508726776,"JUMBO BAG RED RETROSPOT, REGENCY CAKESTAND 3 TIER",2
0.019062173248612563,"JUMBO BAG RED RETROSPOT, JUMBO STORAGE BAG SKULLS",2
0.016086222150727903,"JUMBO BAG PINK POLKADOT, JUMBO STORAGE BAG SKULLS",2
0.015523204375452425,"JUMBO STORAGE BAG SKULLS, JUMBO STORAGE BAG SUKI",2
0.014558031046408751,"JUMBO STORAGE BAG SKULLS, LUNCH BAG  BLACK SKULL.",2
0.012145097723799566,"JUMBO  BAG BAROQUE BLACK WHITE, JUMBO STORAGE BAG SKULLS",2
0.011340786616263171,"JUMBO BAG STRAWBERRY, JUMBO STORAGE BAG SKULLS",2
0.011179924394755892,"JUMBO SHOPPER VINTAGE RED PAISLEY, JUMBO STORAGE BAG SKULLS",2
0.01158207994852409,"JUMBO STORAGE BAG SKULLS, LUNCH BAG RED RETROSPOT",2
0.011260355505509531,"JUMBO STORAGE BAG SKULLS, LUNCH BAG PINK POLKADOT",2
0.01142121772701681,"JUMBO BAG PINK POLKADOT, JUMBO BAG RED RETROSPOT, JUMBO STORAGE BAG SKULLS",3
0.010777768840987694,"JUMBO BAG RED RETROSPOT, JUMBO STORAGE BAG SKULLS, JUMBO STORAGE BAG SUKI",3
0.010214751065712218,"JUMBO BAG RED RETROSPOT, SET/5 RED RETROSPOT LID GLASS BOWLS",2
0.013512426606611437,"SET/5 RED RETROSPOT LID GLASS BOWLS, WHITE HANGING HEART T-LIGHT HOLDER",2
0.011179924394755892,"LUNCH BAG RED RETROSPOT, SET/5 RED RETROSPOT LID GLASS BOWLS",2
0.010456044397973136,"PACK OF 20 NAPKINS PANTRY DESIGN, SET OF 3 CAKE TINS PANTRY DESIGN",2
0.028070457653020187,"REGENCY CAKESTAND 3 TIER, ROSES REGENCY TEACUP AND SAUCER",2
0.010456044397973136,"IVORY KITCHEN SCALES, SET OF 3 CAKE TINS PANTRY DESIGN",2
0.016810102147510657,"IVORY KITCHEN SCALES, RED KITCHEN SCALES",2
0.014236306603394193,"IVORY DINER WALL CLOCK, RED DINER WALL CLOCK",2
0.015684066596959704,"JUMBO BAG RED RETROSPOT, JUMBO BAG WOODLAND ANIMALS",2
0.013271133274350519,"JUMBO BAG PINK POLKADOT, JUMBO BAG WOODLAND ANIMALS",2
0.012386391056060484,"JUMBO BAG WOODLAND ANIMALS, JUMBO STORAGE BAG SUKI",2
0.010456044397973136,"JUMBO BAG STRAWBERRY, JUMBO BAG WOODLAND ANIMALS",2
0.010295182176465857,"JUMBO BAG WOODLAND ANIMALS, JUMBO SHOPPER VINTAGE RED PAISLEY",2
0.011340786616263171,"LUNCH BOX I LOVE LONDON, SPACEBOY LUNCH BOX",2
0.010456044397973136,"DOLLY GIRL LUNCH BOX, LUNCH BOX I LOVE LONDON",2
0.012466822166814124,"JAM MAKING SET WITH JARS, RECIPE BOX PANTRY YELLOW DESIGN",2
0.011019062173248613,"RECIPE BOX PANTRY YELLOW DESIGN, REGENCY CAKESTAND 3 TIER",2
0.011984235502292287,"RECIPE BOX PANTRY YELLOW DESIGN, WHITE HANGING HEART T-LIGHT HOLDER",2
0.01938389769162712,"RECIPE BOX PANTRY YELLOW DESIGN, SET OF 3 CAKE TINS PANTRY DESIGN",2
0.012788546609828682,"RECIPE BOX PANTRY YELLOW DESIGN, SET OF 4 PANTRY JELLY MOULDS",2
0.01471889326791603,"RECIPE BOX PANTRY YELLOW DESIGN, RECIPE BOX RETROSPOT",2
0.012547253277567763,"PLEASE ONE PERSON METAL SIGN, WHITE HANGING HEART T-LIGHT HOLDER",2
0.014558031046408751,"STRAWBERRY CERAMIC TRINKET BOX, SWEETHEART CERAMIC TRINKET BOX",2
0.023807608783077295,"WOODEN HEART CHRISTMAS SCANDINAVIAN, WOODEN STAR CHRISTMAS SCANDINAVIAN",2
0.021957693235743585,"ALARM CLOCK BAKELIKE GREEN, ALARM CLOCK BAKELIKE PINK",2
0.025496662108903723,"ALARM CLOCK BAKELIKE PINK, ALARM CLOCK BAKELIKE RED",2
0.01672967103675702,"ALARM CLOCK BAKELIKE GREEN, ALARM CLOCK BAKELIKE PINK, ALARM CLOCK BAKELIKE RED",3
0.02131424434971447,"CHARLOTTE BAG SUKI DESIGN, RED RETROSPOT CHARLOTTE BAG",2
0.013431995495857798,"CHARLOTTE BAG SUKI DESIGN, LUNCH BAG RED RETROSPOT",2
0.011903804391538647,"CHARLOTTE BAG SUKI DESIGN, LUNCH BAG  BLACK SKULL.",2
0.010214751065712218,"CHARLOTTE BAG SUKI DESIGN, LUNCH BAG CARS BLUE",2
0.011903804391538647,"CHARLOTTE BAG SUKI DESIGN, JUMBO STORAGE BAG SUKI",2
0.012466822166814124,"CHARLOTTE BAG SUKI DESIGN, JUMBO BAG RED RETROSPOT",2
0.012064666613045926,"CHARLOTTE BAG SUKI DESIGN, LUNCH BAG SUKI DESIGN",2
0.019464328802380762,"ASSORTED COLOUR BIRD ORNAMENT, PAINTED METAL PEARS ASSORTED",2
0.021072951017453552,"BAKING SET 9 PIECE RETROSPOT, BAKING SET SPACEBOY DESIGN",2
0.038124346497225126,"GREEN REGENCY TEACUP AND SAUCER, ROSES REGENCY TEACUP AND SAUCER",2
0.025737955441164643,"GREEN REGENCY TEACUP AND SAUCER, REGENCY CAKESTAND 3 TIER",2
0.02123381323896083,"GREEN REGENCY TEACUP AND SAUCER, REGENCY CAKESTAND 3 TIER, ROSES REGENCY TEACUP AND SAUCER",3
0.010697337730234055,"AREA PATROLLED METAL SIGN, HAND OVER THE CHOCOLATE   SIGN",2
0.010053888844204939,"PAPER BUNTING RETROSPOT, PARTY BUNTING",2
0.017453551033539773,"JUMBO BAG RED RETROSPOT, JUMBO BAG SPACEBOY DESIGN",2
0.011260355505509531,"JUMBO BAG SPACEBOY DESIGN, LUNCH BAG SPACEBOY DESIGN",2
0.010295182176465857,"JUMBO BAG SPACEBOY DESIGN, JUMBO BAG STRAWBERRY",2
0.010536475508726776,"JUMBO BAG SPACEBOY DESIGN, JUMBO STORAGE BAG SKULLS",2
0.010214751065712218,"JUMBO BAG SPACEBOY DESIGN, LUNCH BAG RED RETROSPOT",2
0.01479932437866967,"JUMBO BAG SPACEBOY DESIGN, JUMBO STORAGE BAG SUKI",2
0.010616906619480415,"JUMBO BAG SPACEBOY DESIGN, JUMBO SHOPPER VINTAGE RED PAISLEY",2
0.013753719938872356,"JUMBO BAG PINK POLKADOT, JUMBO BAG SPACEBOY DESIGN",2
0.010134319954958578,"JUMBO BAG SPACEBOY DESIGN, JUMBO BAG VINTAGE LEAF",2
0.010456044397973136,"JUMBO BAG RED RETROSPOT, JUMBO BAG SPACEBOY DESIGN, JUMBO STORAGE BAG SUKI",3
0.013431995495857798,"CHILDRENS APRON SPACEBOY DESIGN, PINK FAIRY CAKE CHILDRENS APRON",2
0.017855706587307972,"PINK BLUE FELT CRAFT TRINKET BOX, PINK CREAM FELT CRAFT TRINKET BOX",2
0.016649239926003378,"LUNCH BAG RED RETROSPOT, RED RETROSPOT CHARLOTTE BAG",2
0.015281911043191506,"LUNCH BAG  BLACK SKULL., RED RETROSPOT CHARLOTTE BAG",2
0.012788546609828682,"LUNCH BAG PINK POLKADOT, RED RETROSPOT CHARLOTTE BAG",2
0.012708115499075042,"LUNCH BAG SPACEBOY DESIGN, RED RETROSPOT CHARLOTTE BAG",2
0.012145097723799566,"LUNCH BAG CARS BLUE, RED RETROSPOT CHARLOTTE BAG",2
0.011984235502292287,"JUMBO BAG PINK POLKADOT, RED RETROSPOT CHARLOTTE BAG",2
0.011340786616263171,"JUMBO STORAGE BAG SUKI, RED RETROSPOT CHARLOTTE BAG",2
0.018820879916351646,"JUMBO BAG RED RETROSPOT, RED RETROSPOT CHARLOTTE BAG",2
0.012627684388321403,"LUNCH BAG SUKI DESIGN, RED RETROSPOT CHARLOTTE BAG",2
0.010697337730234055,"LUNCH BAG APPLE DESIGN, RED RETROSPOT CHARLOTTE BAG",2
0.022520711011019063,"CHARLOTTE BAG PINK POLKADOT, RED RETROSPOT CHARLOTTE BAG",2
0.01616665326148154,"CHARLOTTE BAG PINK POLKADOT, CHARLOTTE BAG SUKI DESIGN",2
0.012064666613045926,"CHARLOTTE BAG PINK POLKADOT, LUNCH BAG RED RETROSPOT",2
0.010858199951741334,"CHARLOTTE BAG PINK POLKADOT, LUNCH BAG PINK POLKADOT",2
0.010456044397973136,"CHARLOTTE BAG PINK POLKADOT, LUNCH BAG  BLACK SKULL.",2
0.010777768840987694,"CHARLOTTE BAG PINK POLKADOT, JUMBO BAG PINK POLKADOT",2
0.01142121772701681,"CHARLOTTE BAG PINK POLKADOT, JUMBO BAG RED RETROSPOT",2
0.015442773264698785,"CHARLOTTE BAG PINK POLKADOT, STRAWBERRY CHARLOTTE BAG",2
0.012466822166814124,"CHARLOTTE BAG PINK POLKADOT, CHARLOTTE BAG SUKI DESIGN, RED RETROSPOT CHARLOTTE BAG",3
0.012708115499075042,"CHARLOTTE BAG PINK POLKADOT, RED RETROSPOT CHARLOTTE BAG, STRAWBERRY CHARLOTTE BAG",3
0.010295182176465857,"JUMBO BAG RED RETROSPOT, RED RETROSPOT SHOPPER BAG",2
0.017212257701278856,"RED RETROSPOT CHARLOTTE BAG, WOODLAND CHARLOTTE BAG",2
0.016086222150727903,"CHARLOTTE BAG SUKI DESIGN, WOODLAND CHARLOTTE BAG",2
0.01463846215716239,"STRAWBERRY CHARLOTTE BAG, WOODLAND CHARLOTTE BAG",2
0.010375613287219497,"LUNCH BAG  BLACK SKULL., WOODLAND CHARLOTTE BAG",2
0.010295182176465857,"LUNCH BAG RED RETROSPOT, WOODLAND CHARLOTTE BAG",2
0.012788546609828682,"CHARLOTTE BAG PINK POLKADOT, WOODLAND CHARLOTTE BAG",2
0.01142121772701681,"CHARLOTTE BAG SUKI DESIGN, RED RETROSPOT CHARLOTTE BAG, WOODLAND CHARLOTTE BAG",3
0.011019062173248613,"RED RETROSPOT CHARLOTTE BAG, STRAWBERRY CHARLOTTE BAG, WOODLAND CHARLOTTE BAG",3
0.010053888844204939,"CHARLOTTE BAG SUKI DESIGN, STRAWBERRY CHARLOTTE BAG, WOODLAND CHARLOTTE BAG",3
0.010375613287219497,"CHARLOTTE BAG PINK POLKADOT, RED RETROSPOT CHARLOTTE BAG, WOODLAND CHARLOTTE BAG",3
0.011099493284002252,"COOK WITH WINE METAL SIGN, HOT BATHS METAL SIGN",2
0.011179924394755892,"HAND OVER THE CHOCOLATE   SIGN, HOT BATHS METAL SIGN",2
0.010214751065712218,"HAND OVER THE CHOCOLATE   SIGN, POTTERING IN THE SHED METAL SIGN",2
0.011742942170031368,"CHOCOLATE THIS WAY METAL SIGN, GIN + TONIC DIET METAL SIGN",2
0.012868977720582321,"CHOCOLATE THIS WAY METAL SIGN, HAND OVER THE CHOCOLATE   SIGN",2
0.015925359929220624,"PARTY BUNTING, REGENCY CAKESTAND 3 TIER",2
0.02155553768197539,"PARTY BUNTING, WHITE HANGING HEART T-LIGHT HOLDER",2
0.013271133274350519,"JUMBO BAG RED RETROSPOT, PARTY BUNTING",2
0.010214751065712218,"NO SINGING METAL SIGN, PLEASE ONE PERSON METAL SIGN",2
0.012305959945306845,"GIN + TONIC DIET METAL SIGN, NO SINGING METAL SIGN",2
0.010938631062494973,"HAND OVER THE CHOCOLATE   SIGN, NO SINGING METAL SIGN",2
0.010053888844204939,"COOK WITH WINE METAL SIGN, NO SINGING METAL SIGN",2
0.010938631062494973,"BEWARE OF THE CAT METAL SIGN, GIN + TONIC DIET METAL SIGN",2
0.010858199951741334,"BEWARE OF THE CAT METAL SIGN, HAND OVER THE CHOCOLATE   SIGN",2
0.010053888844204939,"BEWARE OF THE CAT METAL SIGN, COOK WITH WINE METAL SIGN",2
0.010214751065712218,"HANGING HEART JAR T-LIGHT HOLDER, WHITE HANGING HEART T-LIGHT HOLDER",2
0.03241373763371672,"GREEN REGENCY TEACUP AND SAUCER, PINK REGENCY TEACUP AND SAUCER",2
0.02115338212820719,"PINK REGENCY TEACUP AND SAUCER, REGENCY CAKESTAND 3 TIER",2
0.030563822086383013,"PINK REGENCY TEACUP AND SAUCER, ROSES REGENCY TEACUP AND SAUCER",2
0.018418724362583447,"GREEN REGENCY TEACUP AND SAUCER, PINK REGENCY TEACUP AND SAUCER, REGENCY CAKESTAND 3 TIER",3
0.01793613769806161,"PINK REGENCY TEACUP AND SAUCER, REGENCY CAKESTAND 3 TIER, ROSES REGENCY TEACUP AND SAUCER",3
0.02726614654548379,"GREEN REGENCY TEACUP AND SAUCER, PINK REGENCY TEACUP AND SAUCER, ROSES REGENCY TEACUP AND SAUCER",3
0.014960186600176948,"SET OF 3 CAKE TINS PANTRY DESIGN, WHITE HANGING HEART T-LIGHT HOLDER",2
0.010616906619480415,"JUMBO BAG RED RETROSPOT, SET OF 3 CAKE TINS PANTRY DESIGN",2
0.013753719938872356,"REGENCY CAKESTAND 3 TIER, SET OF 3 CAKE TINS PANTRY DESIGN",2
0.012627684388321403,"PARTY BUNTING, SET OF 3 CAKE TINS PANTRY DESIGN",2
0.021635968792729027,"SET OF 3 CAKE TINS PANTRY DESIGN, SET OF 6 SPICE TINS PANTRY DESIGN",2
0.011662511059277729,"JAM MAKING SET WITH JARS, SET OF 6 SPICE TINS PANTRY DESIGN",2
0.010938631062494973,"RECIPE BOX PANTRY YELLOW DESIGN, SET OF 6 SPICE TINS PANTRY DESIGN",2
0.014397168824901472,"SET OF 3 CAKE TINS PANTRY DESIGN, SET OF 4 PANTRY JELLY MOULDS",2
0.011179924394755892,"SET OF 4 PANTRY JELLY MOULDS, WHITE HANGING HEART T-LIGHT HOLDER",2
0.011260355505509531,"PACK OF 72 RETROSPOT CAKE CASES, SET OF 4 PANTRY JELLY MOULDS",2
0.032896324298238556,"LUNCH BAG RED RETROSPOT, LUNCH BAG SUKI DESIGN",2
0.029116062092817502,"LUNCH BAG CARS BLUE, LUNCH BAG SUKI DESIGN",2
0.02782916432075927,"LUNCH BAG SPACEBOY DESIGN, LUNCH BAG SUKI DESIGN",2
0.026783559880961955,"LUNCH BAG PINK POLKADOT, LUNCH BAG SUKI DESIGN",2
0.031609426526180325,"LUNCH BAG  BLACK SKULL., LUNCH BAG SUKI DESIGN",2
0.017212257701278856,"JUMBO BAG RED RETROSPOT, LUNCH BAG SUKI DESIGN",2
0.014316737714147832,"LUNCH BAG SUKI DESIGN, WHITE HANGING HEART T-LIGHT HOLDER",2
0.010938631062494973,"LUNCH BAG SUKI DESIGN, PARTY BUNTING",2
0.017373119922786135,"LUNCH BAG CARS BLUE, LUNCH BAG RED RETROSPOT, LUNCH BAG SUKI DESIGN",3
0.017212257701278856,"LUNCH BAG  BLACK SKULL., LUNCH BAG CARS BLUE, LUNCH BAG SUKI DESIGN",3
0.016810102147510657,"LUNCH BAG RED RETROSPOT, LUNCH BAG SPACEBOY DESIGN, LUNCH BAG SUKI DESIGN",3
0.015281911043191506,"LUNCH BAG CARS BLUE, LUNCH BAG SPACEBOY DESIGN, LUNCH BAG SUKI DESIGN",3
0.016649239926003378,"LUNCH BAG  BLACK SKULL., LUNCH BAG SPACEBOY DESIGN, LUNCH BAG SUKI DESIGN",3
0.018660017694844367,"LUNCH BAG PINK POLKADOT, LUNCH BAG RED RETROSPOT, LUNCH BAG SUKI DESIGN",3
0.015281911043191506,"LUNCH BAG CARS BLUE, LUNCH BAG PINK POLKADOT, LUNCH BAG SUKI DESIGN",3
0.01311027105284324,"LUNCH BAG PINK POLKADOT, LUNCH BAG SPACEBOY DESIGN, LUNCH BAG SUKI DESIGN",3
0.017212257701278856,"LUNCH BAG  BLACK SKULL., LUNCH BAG PINK POLKADOT, LUNCH BAG SUKI DESIGN",3
0.01938389769162712,"LUNCH BAG  BLACK SKULL., LUNCH BAG RED RETROSPOT, LUNCH BAG SUKI DESIGN",3
0.011179924394755892,"JUMBO BAG RED RETROSPOT, LUNCH BAG RED RETROSPOT, LUNCH BAG SUKI DESIGN",3
0.019464328802380762,"JUMBO BAG RED RETROSPOT, JUMBO BAG SCANDINAVIAN BLUE PAISLEY",2
0.017614413255047052,"JUMBO BAG PINK VINTAGE PAISLEY, JUMBO BAG SCANDINAVIAN BLUE PAISLEY",2
0.011742942170031368,"JUMBO BAG SCANDINAVIAN BLUE PAISLEY, JUMBO BAG STRAWBERRY",2
0.01158207994852409,"JUMBO BAG SCANDINAVIAN BLUE PAISLEY, JUMBO STORAGE BAG SUKI",2
0.013834151049625995,"JUMBO BAG PINK POLKADOT, JUMBO BAG SCANDINAVIAN BLUE PAISLEY",2
0.014558031046408751,"JUMBO BAG SCANDINAVIAN BLUE PAISLEY, JUMBO SHOPPER VINTAGE RED PAISLEY",2
0.010134319954958578,"JUMBO BAG SCANDINAVIAN BLUE PAISLEY, JUMBO BAG VINTAGE LEAF",2
0.011260355505509531,"JUMBO BAG PINK VINTAGE PAISLEY, JUMBO BAG RED RETROSPOT, JUMBO BAG SCANDINAVIAN BLUE PAISLEY",3
0.010938631062494973,"JUMBO BAG PINK POLKADOT, JUMBO BAG RED RETROSPOT, JUMBO BAG SCANDINAVIAN BLUE PAISLEY",3
0.010456044397973136,"JUMBO BAG RED RETROSPOT, JUMBO BAG SCANDINAVIAN BLUE PAISLEY, JUMBO SHOPPER VINTAGE RED PAISLEY",3
0.026783559880961955,"LUNCH BAG APPLE DESIGN, LUNCH BAG RED RETROSPOT",2
0.02155553768197539,"LUNCH BAG APPLE DESIGN, LUNCH BAG CARS BLUE",2
0.026461835437947397,"LUNCH BAG APPLE DESIGN, LUNCH BAG SUKI DESIGN",2
0.02123381323896083,"LUNCH BAG APPLE DESIGN, LUNCH BAG SPACEBOY DESIGN",2
0.015603635486206064,"JUMBO BAG RED RETROSPOT, LUNCH BAG APPLE DESIGN",2
0.024290195447599132,"LUNCH BAG  BLACK SKULL., LUNCH BAG APPLE DESIGN",2
0.021475106571221748,"LUNCH BAG APPLE DESIGN, LUNCH BAG PINK POLKADOT",2
0.010053888844204939,"LUNCH BAG APPLE DESIGN, PARTY BUNTING",2
0.010777768840987694,"JUMBO BAG PINK POLKADOT, LUNCH BAG APPLE DESIGN",2
0.010697337730234055,"LUNCH BAG APPLE DESIGN, SPOTTY BUNTING",2
0.012708115499075042,"LUNCH BAG APPLE DESIGN, LUNCH BAG CARS BLUE, LUNCH BAG RED RETROSPOT",3
0.013592857717365077,"LUNCH BAG APPLE DESIGN, LUNCH BAG CARS BLUE, LUNCH BAG SUKI DESIGN",3
0.013271133274350519,"LUNCH BAG  BLACK SKULL., LUNCH BAG APPLE DESIGN, LUNCH BAG CARS BLUE",3
0.015764497707713345,"LUNCH BAG APPLE DESIGN, LUNCH BAG RED RETROSPOT, LUNCH BAG SUKI DESIGN",3
0.013673288828118716,"LUNCH BAG APPLE DESIGN, LUNCH BAG RED RETROSPOT, LUNCH BAG SPACEBOY DESIGN",3
0.01311027105284324,"LUNCH BAG APPLE DESIGN, LUNCH BAG SPACEBOY DESIGN, LUNCH BAG SUKI DESIGN",3
0.01319070216359688,"LUNCH BAG  BLACK SKULL., LUNCH BAG APPLE DESIGN, LUNCH BAG SPACEBOY DESIGN",3
0.011260355505509531,"LUNCH BAG APPLE DESIGN, LUNCH BAG CARS BLUE, LUNCH BAG SPACEBOY DESIGN",3
0.010616906619480415,"LUNCH BAG APPLE DESIGN, LUNCH BAG PINK POLKADOT, LUNCH BAG SPACEBOY DESIGN",3
0.015603635486206064,"LUNCH BAG  BLACK SKULL., LUNCH BAG APPLE DESIGN, LUNCH BAG SUKI DESIGN",3
0.015523204375452425,"LUNCH BAG  BLACK SKULL., LUNCH BAG APPLE DESIGN, LUNCH BAG RED RETROSPOT",3
0.014155875492640553,"LUNCH BAG APPLE DESIGN, LUNCH BAG PINK POLKADOT, LUNCH BAG RED RETROSPOT",3
0.013271133274350519,"LUNCH BAG  BLACK SKULL., LUNCH BAG APPLE DESIGN, LUNCH BAG PINK POLKADOT",3
0.012788546609828682,"LUNCH BAG APPLE DESIGN, LUNCH BAG PINK POLKADOT, LUNCH BAG SUKI DESIGN",3
0.012145097723799566,"LUNCH BAG APPLE DESIGN, LUNCH BAG CARS BLUE, LUNCH BAG PINK POLKADOT",3
0.014477599935655111,"JUMBO BAG ALPHABET, JUMBO STORAGE BAG SUKI",2
0.012868977720582321,"JUMBO BAG ALPHABET, LUNCH BAG APPLE DESIGN",2
0.01142121772701681,"JUMBO BAG ALPHABET, LUNCH BAG RED RETROSPOT",2
0.010375613287219497,"JUMBO BAG ALPHABET, LUNCH BAG CARS BLUE",2
0.021475106571221748,"JUMBO BAG ALPHABET, JUMBO BAG RED RETROSPOT",2
0.011019062173248613,"JUMBO BAG ALPHABET, LUNCH BAG SUKI DESIGN",2
0.014879755489423309,"JUMBO BAG ALPHABET, JUMBO BAG PINK POLKADOT",2
0.0130298399420896,"JUMBO BAG ALPHABET, JUMBO SHOPPER VINTAGE RED PAISLEY",2
0.010375613287219497,"JUMBO BAG ALPHABET, LUNCH BAG  BLACK SKULL.",2
0.019223035470119842,"JUMBO BAG ALPHABET, JUMBO BAG VINTAGE LEAF",2
0.010214751065712218,"JUMBO BAG ALPHABET, JUMBO BAG PINK POLKADOT, JUMBO BAG RED RETROSPOT",3
0.010295182176465857,"JUMBO BAG ALPHABET, JUMBO BAG RED RETROSPOT, JUMBO BAG VINTAGE LEAF",3
0.020429502131424436,"JUMBO BAG APPLES, LUNCH BAG APPLE DESIGN",2
0.0195447599131344,"JUMBO BAG ALPHABET, JUMBO BAG APPLES",2
0.014316737714147832,"JUMBO BAG APPLES, JUMBO STORAGE BAG SUKI",2
0.014075444381886914,"JUMBO BAG APPLES, LUNCH BAG RED RETROSPOT",2
0.012305959945306845,"JUMBO BAG APPLES, LUNCH BAG CARS BLUE",2
0.024129333226091853,"JUMBO BAG APPLES, JUMBO BAG RED RETROSPOT",2
0.012708115499075042,"JUMBO BAG APPLES, LUNCH BAG SUKI DESIGN",2
0.010375613287219497,"JUMBO BAG APPLES, LUNCH BAG SPACEBOY DESIGN",2
0.01632751548298882,"JUMBO BAG APPLES, JUMBO BAG PINK POLKADOT",2
0.012949408831335961,"JUMBO BAG APPLES, JUMBO SHOPPER VINTAGE RED PAISLEY",2
0.012868977720582321,"JUMBO BAG APPLES, LUNCH BAG  BLACK SKULL.",2
0.01158207994852409,"JUMBO BAG APPLES, LUNCH BAG PINK POLKADOT",2
0.020590364352931715,"JUMBO BAG APPLES, JUMBO BAG VINTAGE LEAF",2
0.010375613287219497,"JUMBO BAG APPLES, JUMBO BAG RED RETROSPOT, LUNCH BAG APPLE DESIGN",3
0.010053888844204939,"JUMBO BAG ALPHABET, JUMBO BAG APPLES, JUMBO BAG RED RETROSPOT",3
0.010295182176465857,"JUMBO BAG APPLES, JUMBO BAG RED RETROSPOT, JUMBO STORAGE BAG SUKI",3
0.011903804391538647,"JUMBO BAG APPLES, JUMBO BAG PINK POLKADOT, JUMBO BAG RED RETROSPOT",3
0.011903804391538647,"JUMBO BAG APPLES, JUMBO BAG RED RETROSPOT, JUMBO BAG VINTAGE LEAF",3
0.022038124346497226,"LUNCH BAG ALPHABET DESIGN, LUNCH BAG APPLE DESIGN",2
0.019223035470119842,"LUNCH BAG ALPHABET DESIGN, LUNCH BAG RED RETROSPOT",2
0.017614413255047052,"LUNCH BAG ALPHABET DESIGN, LUNCH BAG CARS BLUE",2
0.016890533258264298,"JUMBO BAG ALPHABET, LUNCH BAG ALPHABET DESIGN",2
0.019223035470119842,"LUNCH BAG ALPHABET DESIGN, LUNCH BAG SUKI DESIGN",2
0.01793613769806161,"LUNCH BAG ALPHABET DESIGN, LUNCH BAG SPACEBOY DESIGN",2
0.010134319954958578,"JUMBO BAG RED RETROSPOT, LUNCH BAG ALPHABET DESIGN",2
0.018740448805598005,"LUNCH BAG  BLACK SKULL., LUNCH BAG ALPHABET DESIGN",2
0.016890533258264298,"LUNCH BAG ALPHABET DESIGN, LUNCH BAG PINK POLKADOT",2
0.01463846215716239,"LUNCH BAG ALPHABET DESIGN, LUNCH BAG WOODLAND",2
0.01142121772701681,"LUNCH BAG ALPHABET DESIGN, LUNCH BAG APPLE DESIGN, LUNCH BAG RED RETROSPOT",3
0.01150164883777045,"LUNCH BAG ALPHABET DESIGN, LUNCH BAG RED RETROSPOT, LUNCH BAG SUKI DESIGN",3
0.010858199951741334,"LUNCH BAG ALPHABET DESIGN, LUNCH BAG CARS BLUE, LUNCH BAG RED RETROSPOT",3
0.010214751065712218,"LUNCH BAG ALPHABET DESIGN, LUNCH BAG APPLE DESIGN, LUNCH BAG CARS BLUE",3
0.011019062173248613,"LUNCH BAG ALPHABET DESIGN, LUNCH BAG CARS BLUE, LUNCH BAG SUKI DESIGN",3
0.010456044397973136,"LUNCH BAG  BLACK SKULL., LUNCH BAG ALPHABET DESIGN, LUNCH BAG CARS BLUE",3
0.011662511059277729,"LUNCH BAG ALPHABET DESIGN, LUNCH BAG APPLE DESIGN, LUNCH BAG SUKI DESIGN",3
0.011179924394755892,"LUNCH BAG ALPHABET DESIGN, LUNCH BAG SPACEBOY DESIGN, LUNCH BAG SUKI DESIGN",3
0.010456044397973136,"LUNCH BAG ALPHABET DESIGN, LUNCH BAG RED RETROSPOT, LUNCH BAG SPACEBOY DESIGN",3
0.010053888844204939,"LUNCH BAG ALPHABET DESIGN, LUNCH BAG APPLE DESIGN, LUNCH BAG SPACEBOY DESIGN",3
0.010616906619480415,"LUNCH BAG  BLACK SKULL., LUNCH BAG ALPHABET DESIGN, LUNCH BAG SPACEBOY DESIGN",3
0.01158207994852409,"LUNCH BAG  BLACK SKULL., LUNCH BAG ALPHABET DESIGN, LUNCH BAG SUKI DESIGN",3
0.011179924394755892,"LUNCH BAG  BLACK SKULL., LUNCH BAG ALPHABET DESIGN, LUNCH BAG RED RETROSPOT",3
0.011099493284002252,"LUNCH BAG  BLACK SKULL., LUNCH BAG ALPHABET DESIGN, LUNCH BAG APPLE DESIGN",3
0.01158207994852409,"LUNCH BAG ALPHABET DESIGN, LUNCH BAG PINK POLKADOT, LUNCH BAG RED RETROSPOT",3
0.010777768840987694,"LUNCH BAG  BLACK SKULL., LUNCH BAG ALPHABET DESIGN, LUNCH BAG PINK POLKADOT",3
0.010616906619480415,"LUNCH BAG ALPHABET DESIGN, LUNCH BAG PINK POLKADOT, LUNCH BAG SUKI DESIGN",3
0.010456044397973136,"LUNCH BAG ALPHABET DESIGN, LUNCH BAG APPLE DESIGN, LUNCH BAG PINK POLKADOT",3
0.012064666613045926,"CHARLOTTE BAG APPLES DESIGN, LUNCH BAG APPLE DESIGN",2
0.010053888844204939,"CHARLOTTE BAG APPLES DESIGN, JUMBO BAG APPLES",2
0.013995013271133274,"CHARLOTTE BAG APPLES DESIGN, RED RETROSPOT CHARLOTTE BAG",2
0.012466822166814124,"CHARLOTTE BAG APPLES DESIGN, CHARLOTTE BAG SUKI DESIGN",2
0.01158207994852409,"CHARLOTTE BAG APPLES DESIGN, STRAWBERRY CHARLOTTE BAG",2
0.010536475508726776,"CHARLOTTE BAG APPLES DESIGN, WOODLAND CHARLOTTE BAG",2
0.010214751065712218,"CHARLOTTE BAG APPLES DESIGN, CHARLOTTE BAG PINK POLKADOT",2
0.018257862141076168,"LUNCH BAG ALPHABET DESIGN, LUNCH BAG VINTAGE LEAF DESIGN",2
0.02244027990026542,"LUNCH BAG APPLE DESIGN, LUNCH BAG VINTAGE LEAF DESIGN",2
0.020027346577656237,"LUNCH BAG RED RETROSPOT, LUNCH BAG VINTAGE LEAF DESIGN",2
0.019142604359366204,"LUNCH BAG SUKI DESIGN, LUNCH BAG VINTAGE LEAF DESIGN",2
0.016649239926003378,"LUNCH BAG SPACEBOY DESIGN, LUNCH BAG VINTAGE LEAF DESIGN",2
0.01311027105284324,"JUMBO BAG APPLES, LUNCH BAG VINTAGE LEAF DESIGN",2
0.011903804391538647,"JUMBO BAG RED RETROSPOT, LUNCH BAG VINTAGE LEAF DESIGN",2
0.019223035470119842,"LUNCH BAG  BLACK SKULL., LUNCH BAG VINTAGE LEAF DESIGN",2
0.015362342153945146,"LUNCH BAG CARS BLUE, LUNCH BAG VINTAGE LEAF DESIGN",2
0.015281911043191506,"LUNCH BAG PINK POLKADOT, LUNCH BAG VINTAGE LEAF DESIGN",2
0.014155875492640553,"LUNCH BAG VINTAGE LEAF DESIGN, LUNCH BAG WOODLAND",2
0.015121048821684227,"JUMBO BAG VINTAGE LEAF, LUNCH BAG VINTAGE LEAF DESIGN",2
0.01142121772701681,"LUNCH BAG ALPHABET DESIGN, LUNCH BAG APPLE DESIGN, LUNCH BAG VINTAGE LEAF DESIGN",3
0.010134319954958578,"LUNCH BAG ALPHABET DESIGN, LUNCH BAG SUKI DESIGN, LUNCH BAG VINTAGE LEAF DESIGN",3
0.012708115499075042,"LUNCH BAG APPLE DESIGN, LUNCH BAG RED RETROSPOT, LUNCH BAG VINTAGE LEAF DESIGN",3
0.012627684388321403,"LUNCH BAG APPLE DESIGN, LUNCH BAG SUKI DESIGN, LUNCH BAG VINTAGE LEAF DESIGN",3
0.012145097723799566,"LUNCH BAG RED RETROSPOT, LUNCH BAG SUKI DESIGN, LUNCH BAG VINTAGE LEAF DESIGN",3
0.012145097723799566,"LUNCH BAG  BLACK SKULL., LUNCH BAG SUKI DESIGN, LUNCH BAG VINTAGE LEAF DESIGN",3
0.011823373280785008,"LUNCH BAG SPACEBOY DESIGN, LUNCH BAG SUKI DESIGN, LUNCH BAG VINTAGE LEAF DESIGN",3
0.011179924394755892,"LUNCH BAG RED RETROSPOT, LUNCH BAG SPACEBOY DESIGN, LUNCH BAG VINTAGE LEAF DESIGN",3
0.010053888844204939,"LUNCH BAG APPLE DESIGN, LUNCH BAG SPACEBOY DESIGN, LUNCH BAG VINTAGE LEAF DESIGN",3
0.010777768840987694,"LUNCH BAG  BLACK SKULL., LUNCH BAG SPACEBOY DESIGN, LUNCH BAG VINTAGE LEAF DESIGN",3
0.011823373280785008,"LUNCH BAG  BLACK SKULL., LUNCH BAG APPLE DESIGN, LUNCH BAG VINTAGE LEAF DESIGN",3
0.012466822166814124,"LUNCH BAG  BLACK SKULL., LUNCH BAG RED RETROSPOT, LUNCH BAG VINTAGE LEAF DESIGN",3
0.010134319954958578,"LUNCH BAG  BLACK SKULL., LUNCH BAG CARS BLUE, LUNCH BAG VINTAGE LEAF DESIGN",3
0.011179924394755892,"LUNCH BAG  BLACK SKULL., LUNCH BAG PINK POLKADOT, LUNCH BAG VINTAGE LEAF DESIGN",3
0.010456044397973136,"LUNCH BAG APPLE DESIGN, LUNCH BAG PINK POLKADOT, LUNCH BAG VINTAGE LEAF DESIGN",3
0.010858199951741334,"LUNCH BAG PINK POLKADOT, LUNCH BAG RED RETROSPOT, LUNCH BAG VINTAGE LEAF DESIGN",3
0.010375613287219497,"DOORMAT KEEP CALM AND COME IN, GARDENERS KNEELING PAD KEEP CALM",2
0.028633475428295665,"PARTY BUNTING, SPOTTY BUNTING",2
0.012868977720582321,"SPOTTY BUNTING, WHITE HANGING HEART T-LIGHT HOLDER",2
0.012064666613045926,"ASSORTED COLOUR BIRD ORNAMENT, SPOTTY BUNTING",2
0.011903804391538647,"JUMBO BAG RED RETROSPOT, SPOTTY BUNTING",2
0.011340786616263171,"LUNCH BAG RED RETROSPOT, SPOTTY BUNTING",2
0.010456044397973136,"LUNCH BAG  BLACK SKULL., LUNCH BAG DOILEY PATTERN",2
0.010134319954958578,"LUNCH BAG DOILEY PATTERN, LUNCH BAG SUKI DESIGN",2
0.011984235502292287,"LUNCH BAG DOILEY PATTERN, LUNCH BAG RED RETROSPOT",2
0.011260355505509531,"LUNCH BAG DOILEY PATTERN, LUNCH BAG VINTAGE LEAF DESIGN",2
0.013834151049625995,"LUNCH BAG APPLE DESIGN, LUNCH BAG DOILEY PATTERN",2
0.022038124346497226,"JUMBO BAG APPLES, JUMBO BAG PEARS",2
0.012386391056060484,"JUMBO BAG ALPHABET, JUMBO BAG PEARS",2
0.017614413255047052,"JUMBO BAG PEARS, JUMBO BAG VINTAGE LEAF",2
0.011742942170031368,"JUMBO BAG PEARS, LUNCH BAG APPLE DESIGN",2
0.014397168824901472,"JUMBO BAG PEARS, JUMBO BAG RED RETROSPOT",2
0.010858199951741334,"JUMBO BAG PEARS, JUMBO BAG PINK POLKADOT",2
0.010456044397973136,"JUMBO BAG PEARS, JUMBO BAG VINTAGE DOILY",2
0.013512426606611437,"JUMBO BAG APPLES, JUMBO BAG PEARS, JUMBO BAG VINTAGE LEAF",3
0.011340786616263171,"JUMBO BAG APPLES, JUMBO BAG PEARS, JUMBO BAG RED RETROSPOT",3
0.015121048821684227,"JUMBO BAG DOILEY PATTERNS, LUNCH BAG DOILEY PATTERN",2
0.010616906619480415,"JUMBO BAG APPLES, JUMBO BAG DOILEY PATTERNS",2
0.010536475508726776,"JUMBO BAG ALPHABET, JUMBO BAG DOILEY PATTERNS",2
0.01479932437866967,"JUMBO BAG DOILEY PATTERNS, JUMBO BAG VINTAGE LEAF",2
0.012868977720582321,"JUMBO BAG DOILEY PATTERNS, JUMBO BAG RED RETROSPOT",2
0.012708115499075042,"JUMBO BAG VINTAGE LEAF, LUNCH BAG APPLE DESIGN",2
0.025496662108903723,"JUMBO BAG RED RETROSPOT, JUMBO BAG VINTAGE LEAF",2
0.015362342153945146,"JUMBO BAG PINK POLKADOT, JUMBO BAG VINTAGE LEAF",2
0.015121048821684227,"JUMBO BAG VINTAGE LEAF, JUMBO STORAGE BAG SUKI",2
0.015844928818466983,"JUMBO BAG VINTAGE LEAF, JUMBO SHOPPER VINTAGE RED PAISLEY",2
0.013673288828118716,"JUMBO BAG VINTAGE LEAF, LUNCH BAG RED RETROSPOT",2
0.01158207994852409,"JUMBO BAG VINTAGE LEAF, LUNCH BAG PINK POLKADOT",2
0.011179924394755892,"JUMBO BAG VINTAGE LEAF, LUNCH BAG SUKI DESIGN",2
0.010053888844204939,"JUMBO BAG VINTAGE LEAF, LUNCH BAG CARS BLUE",2
0.012708115499075042,"JUMBO BAG VINTAGE LEAF, LUNCH BAG  BLACK SKULL.",2
0.012225528834553205,"JUMBO BAG PINK POLKADOT, JUMBO BAG RED RETROSPOT, JUMBO BAG VINTAGE LEAF",3
0.010214751065712218,"JUMBO BAG RED RETROSPOT, JUMBO BAG VINTAGE LEAF, JUMBO STORAGE BAG SUKI",3
0.010456044397973136,"JUMBO BAG RED RETROSPOT, JUMBO BAG VINTAGE LEAF, JUMBO SHOPPER VINTAGE RED PAISLEY",3
0.011019062173248613,"GARDENERS KNEELING PAD KEEP CALM, WHITE HANGING HEART T-LIGHT HOLDER",2
0.03667658650365962,"GARDENERS KNEELING PAD CUP OF TEA, GARDENERS KNEELING PAD KEEP CALM",2
0.010053888844204939,"GARDENERS KNEELING PAD CUP OF TEA, WHITE HANGING HEART T-LIGHT HOLDER",2
0.010295182176465857,"60 TEATIME FAIRY CAKE CASES, SET OF 60 PANTRY DESIGN CAKE CASES",2
0.01142121772701681,"PACK OF 72 RETROSPOT CAKE CASES, SET OF 60 PANTRY DESIGN CAKE CASES",2
0.014558031046408751,"REGENCY CAKESTAND 3 TIER, SET OF 3 REGENCY CAKE TINS",2
0.012386391056060484,"SET OF 3 CAKE TINS PANTRY DESIGN, SET OF 3 REGENCY CAKE TINS",2
0.015684066596959704,"HEART OF WICKER SMALL, SMALL WHITE HEART OF WICKER",2
0.010858199951741334,"HEART OF WICKER LARGE, SMALL WHITE HEART OF WICKER",2
0.013673288828118716,"SMALL WHITE HEART OF WICKER, WHITE HANGING HEART T-LIGHT HOLDER",2
0.022279417678758143,"LARGE WHITE HEART OF WICKER, SMALL WHITE HEART OF WICKER",2
0.015362342153945146,"HEART OF WICKER LARGE, LARGE WHITE HEART OF WICKER",2
0.0130298399420896,"LARGE WHITE HEART OF WICKER, WHITE HANGING HEART T-LIGHT HOLDER",2
0.018820879916351646,"JUMBO BAG 50'S CHRISTMAS, JUMBO BAG VINTAGE CHRISTMAS",2
0.011662511059277729,"JUMBO BAG 50'S CHRISTMAS, JUMBO BAG RED RETROSPOT",2
0.014075444381886914,"JUMBO BAG 50'S CHRISTMAS, PAPER CHAIN KIT 50'S CHRISTMAS",2
0.01158207994852409,"JUMBO BAG 50'S CHRISTMAS, JUMBO BAG VINTAGE DOILY",2
0.011179924394755892,"JUMBO BAG VINTAGE DOILY, LUNCH BAG RED RETROSPOT",2
0.021072951017453552,"JUMBO BAG RED RETROSPOT, JUMBO BAG VINTAGE DOILY",2
0.01142121772701681,"JUMBO BAG VINTAGE DOILY, JUMBO SHOPPER VINTAGE RED PAISLEY",2
0.01656880881524974,"JUMBO BAG VINTAGE DOILY, JUMBO BAG VINTAGE LEAF",2
0.011019062173248613,"JUMBO BAG VINTAGE DOILY, JUMBO STORAGE BAG SUKI",2
0.010777768840987694,"JUMBO BAG ALPHABET, JUMBO BAG VINTAGE DOILY",2
0.012466822166814124,"JUMBO BAG APPLES, JUMBO BAG VINTAGE DOILY",2
0.011903804391538647,"JUMBO BAG PINK POLKADOT, JUMBO BAG VINTAGE DOILY",2
0.018257862141076168,"LUNCH BAG RED RETROSPOT, LUNCH BAG VINTAGE DOILY",2
0.01616665326148154,"JUMBO BAG VINTAGE DOILY, LUNCH BAG VINTAGE DOILY",2
0.015362342153945146,"LUNCH BAG  BLACK SKULL., LUNCH BAG VINTAGE DOILY",2
0.014316737714147832,"LUNCH BAG SUKI DESIGN, LUNCH BAG VINTAGE DOILY",2
0.013512426606611437,"LUNCH BAG SPACEBOY DESIGN, LUNCH BAG VINTAGE DOILY",2
0.011179924394755892,"LUNCH BAG CARS BLUE, LUNCH BAG VINTAGE DOILY",2
0.012305959945306845,"LUNCH BAG VINTAGE DOILY, LUNCH BAG VINTAGE LEAF DESIGN",2
0.013431995495857798,"LUNCH BAG PINK POLKADOT, LUNCH BAG VINTAGE DOILY",2
0.010938631062494973,"LUNCH BAG VINTAGE DOILY, LUNCH BAG WOODLAND",2
0.010616906619480415,"JUMBO BAG RED RETROSPOT, LUNCH BAG VINTAGE DOILY",2
0.013753719938872356,"LUNCH BAG APPLE DESIGN, LUNCH BAG VINTAGE DOILY",2
0.016890533258264298,"HOT WATER BOTTLE KEEP CALM, LOVE HOT WATER BOTTLE",2
0.011179924394755892,"LOVE HOT WATER BOTTLE, SCOTTIE DOG HOT WATER BOTTLE",2
0.010214751065712218,"GARDENERS KNEELING PAD KEEP CALM, HOT WATER BOTTLE KEEP CALM",2
0.010214751065712218,"HOT WATER BOTTLE KEEP CALM, PAPER CHAIN KIT 50'S CHRISTMAS",2
0.014477599935655111,"HAND WARMER RED LOVE HEART, HAND WARMER UNION JACK",2
0.012145097723799566,"HAND WARMER BIRD DESIGN, HAND WARMER RED LOVE HEART",2
0.016005791039974262,"HAND WARMER OWL DESIGN, HAND WARMER RED LOVE HEART",2
0.014155875492640553,"HAND WARMER RED LOVE HEART, HAND WARMER SCOTTY DOG DESIGN",2
0.010134319954958578,"HAND WARMER OWL DESIGN, HAND WARMER RED LOVE HEART, HAND WARMER SCOTTY DOG DESIGN",3
